Godot Engine v4.7.2.stable.mono.official.ed1daf0bf - https://godotengine.org

[Hot Reload Live] ✅ Runtime started — watching D:/GodotHotReload/
[Boundary] static void -> v1
[Boundary] static ret -> v1
[Boundary] static out -> v1
[Boundary] overload(string) -> v1
[Boundary] overload(int) -> v1
[Boundary] generic<String> -> v1, value=hello
[Boundary] generic<Int32> -> v1, value=99
[Boundary] instance void -> v1 (counter=0)
[Boundary] instance ret -> v1
  ref result: [Boundary] instance ref -> v1
[Boundary] async entry -> v1
[Boundary] iterator entry -> v1
  iterator value: 1
[Boundary] iterator after yield -> v1
  iterator value: 2
[Boundary] async after await -> v1
[Boundary] static void -> v1
[Boundary] static ret -> v1
[Boundary] static out -> v1
[Boundary] overload(string) -> v1
[Boundary] overload(int) -> v1
[Boundary] generic<String> -> v1, value=hello
[Boundary] generic<Int32> -> v1, value=99
[Boundary] instance void -> v1 (counter=1)
[Boundary] instance ret -> v1
  ref result: [Boundary] instance ref -> v1
[Boundary] async entry -> v1
[Boundary] iterator entry -> v1
  iterator value: 1
[Boundary] iterator after yield -> v1
  iterator value: 2
[Boundary] async after await -> v1
[Boundary] static void -> v1
[Boundary] static ret -> v1
[Boundary] static out -> v1
[Boundary] overload(string) -> v1
[Boundary] overload(int) -> v1
[Boundary] generic<String> -> v1, value=hello
[Boundary] generic<Int32> -> v1, value=99
[Boundary] instance void -> v1 (counter=2)
[Boundary] instance ret -> v1
  ref result: [Boundary] instance ref -> v1
[Boundary] async entry -> v1
[Boundary] iterator entry -> v1
  iterator value: 1
[Boundary] iterator after yield -> v1
  iterator value: 2
[Boundary] async after await -> v1
[Boundary] static void -> v1
[Boundary] static ret -> v1
[Boundary] static out -> v1
[Boundary] overload(string) -> v1
[Boundary] overload(int) -> v1
[Boundary] generic<String> -> v1, value=hello
[Boundary] generic<Int32> -> v1, value=99
[Boundary] instance void -> v1 (counter=3)
[Boundary] instance ret -> v1
  ref result: [Boundary] instance ref -> v1
[Boundary] async entry -> v1
[Boundary] iterator entry -> v1
  iterator value: 1
[Boundary] iterator after yield -> v1
  iterator value: 2
[Boundary] async after await -> v1
[Boundary] static void -> v1
[Boundary] static ret -> v1
[Boundary] static out -> v1
[Boundary] overload(string) -> v1
[Boundary] overload(int) -> v1
[Boundary] generic<String> -> v1, value=hello
[Boundary] generic<Int32> -> v1, value=99
[Boundary] instance void -> v1 (counter=4)
[Boundary] instance ret -> v1
  ref result: [Boundary] instance ref -> v1
[Boundary] async entry -> v1
[Boundary] iterator entry -> v1
  iterator value: 1
[Boundary] iterator after yield -> v1
  iterator value: 2
[Boundary] async after await -> v1
[Boundary] static void -> v1
[Boundary] static ret -> v1
[Boundary] static out -> v1
[Boundary] overload(string) -> v1
[Boundary] overload(int) -> v1
[Boundary] generic<String> -> v1, value=hello
[Boundary] generic<Int32> -> v1, value=99
[Boundary] instance void -> v1 (counter=5)
[Boundary] instance ret -> v1
  ref result: [Boundary] instance ref -> v1
[Boundary] async entry -> v1
[Boundary] iterator entry -> v1
  iterator value: 1
[Boundary] iterator after yield -> v1
  iterator value: 2
[Boundary] async after await -> v1
[Boundary] static void -> v1
[Boundary] static ret -> v1
[Boundary] static out -> v1
[Boundary] overload(string) -> v1
[Boundary] overload(int) -> v1
[Boundary] generic<String> -> v1, value=hello
[Boundary] generic<Int32> -> v1, value=99
[Boundary] instance void -> v1 (counter=6)
[Boundary] instance ret -> v1
  ref result: [Boundary] instance ref -> v1
[Boundary] async entry -> v1
[Boundary] iterator entry -> v1
  iterator value: 1
[Boundary] iterator after yield -> v1
  iterator value: 2
[Boundary] async after await -> v1
[Boundary] static void -> v1
[Boundary] static ret -> v1
[Boundary] static out -> v1
[Boundary] overload(string) -> v1
[Boundary] overload(int) -> v1
[Boundary] generic<String> -> v1, value=hello
[Boundary] generic<Int32> -> v1, value=99
[Boundary] instance void -> v1 (counter=7)
[Boundary] instance ret -> v1
  ref result: [Boundary] instance ref -> v1
[Boundary] async entry -> v1
[Boundary] iterator entry -> v1
  iterator value: 1
[Boundary] iterator after yield -> v1
  iterator value: 2
[Boundary] async after await -> v1
[Boundary] static void -> v1
[Boundary] static ret -> v1
[Boundary] static out -> v1
[Boundary] overload(string) -> v1
[Boundary] overload(int) -> v1
[Boundary] generic<String> -> v1, value=hello
[Boundary] generic<Int32> -> v1, value=99
[Boundary] instance void -> v1 (counter=8)
[Boundary] instance ret -> v1
  ref result: [Boundary] instance ref -> v1
[Boundary] async entry -> v1
[Boundary] iterator entry -> v1
  iterator value: 1
[Boundary] iterator after yield -> v1
  iterator value: 2
[Boundary] async after await -> v1
[Boundary] static void -> v1
[Boundary] static ret -> v1
[Boundary] static out -> v1
[Boundary] overload(string) -> v1
[Boundary] overload(int) -> v1
[Boundary] generic<String> -> v1, value=hello
[Boundary] generic<Int32> -> v1, value=99
[Boundary] instance void -> v1 (counter=9)
[Boundary] instance ret -> v1
  ref result: [Boundary] instance ref -> v1
[Boundary] async entry -> v1
[Boundary] iterator entry -> v1
  iterator value: 1
[Boundary] iterator after yield -> v1
  iterator value: 2
[Boundary] === Round=10: all calls completed ===
[Boundary] async after await -> v1
[Boundary] static void -> v1
[Boundary] static ret -> v1
[Boundary] static out -> v1
[Boundary] overload(string) -> v1
[Boundary] overload(int) -> v1
[Boundary] generic<String> -> v1, value=hello
[Boundary] generic<Int32> -> v1, value=99
[Boundary] instance void -> v1 (counter=10)
[Boundary] instance ret -> v1
  ref result: [Boundary] instance ref -> v1
[Boundary] async entry -> v1
[Boundary] iterator entry -> v1
  iterator value: 1
[Boundary] iterator after yield -> v1
  iterator value: 2
[Boundary] async after await -> v1
[Boundary] static void -> v1
[Boundary] static ret -> v1
[Boundary] static out -> v1
[Boundary] overload(string) -> v1
[Boundary] overload(int) -> v1
[Boundary] generic<String> -> v1, value=hello
[Boundary] generic<Int32> -> v1, value=99
[Boundary] instance void -> v1 (counter=11)
[Boundary] instance ret -> v1
  ref result: [Boundary] instance ref -> v1
[Boundary] async entry -> v1
[Boundary] iterator entry -> v1
  iterator value: 1
[Boundary] iterator after yield -> v1
  iterator value: 2
[Boundary] async after await -> v1
[Boundary] static void -> v1
[Boundary] static ret -> v1
[Boundary] static out -> v1
[Boundary] overload(string) -> v1
[Boundary] overload(int) -> v1
[Boundary] generic<String> -> v1, value=hello
[Boundary] generic<Int32> -> v1, value=99
[Boundary] instance void -> v1 (counter=12)
[Boundary] instance ret -> v1
  ref result: [Boundary] instance ref -> v1
[Boundary] async entry -> v1
[Boundary] iterator entry -> v1
  iterator value: 1
[Boundary] iterator after yield -> v1
  iterator value: 2
[Boundary] async after await -> v1
[Boundary] static void -> v1
[Boundary] static ret -> v1
[Boundary] static out -> v1
[Boundary] overload(string) -> v1
[Boundary] overload(int) -> v1
[Boundary] generic<String> -> v1, value=hello
[Boundary] generic<Int32> -> v1, value=99
[Boundary] instance void -> v1 (counter=13)
[Boundary] instance ret -> v1
  ref result: [Boundary] instance ref -> v1
[Boundary] async entry -> v1
[Boundary] iterator entry -> v1
  iterator value: 1
[Boundary] iterator after yield -> v1
  iterator value: 2
[Boundary] async after await -> v1
[Boundary] static void -> v1
[Boundary] static ret -> v1
[Boundary] static out -> v1
[Boundary] overload(string) -> v1
[Boundary] overload(int) -> v1
[Boundary] generic<String> -> v1, value=hello
[Boundary] generic<Int32> -> v1, value=99
[Boundary] instance void -> v1 (counter=14)
[Boundary] instance ret -> v1
  ref result: [Boundary] instance ref -> v1
[Boundary] async entry -> v1
[Boundary] iterator entry -> v1
  iterator value: 1
[Boundary] iterator after yield -> v1
  iterator value: 2
[Boundary] async after await -> v1
[Boundary] static void -> v1
[Boundary] static ret -> v1
[Boundary] static out -> v1
[Boundary] overload(string) -> v1
[Boundary] overload(int) -> v1
[Boundary] generic<String> -> v1, value=hello
[Boundary] generic<Int32> -> v1, value=99
[Boundary] instance void -> v1 (counter=15)
[Boundary] instance ret -> v1
  ref result: [Boundary] instance ref -> v1
[Boundary] async entry -> v1
[Boundary] iterator entry -> v1
  iterator value: 1
[Boundary] iterator after yield -> v1
  iterator value: 2
[Boundary] async after await -> v1
[Boundary] static void -> v1
[Boundary] static ret -> v1
[Boundary] static out -> v1
[Boundary] overload(string) -> v1
[Boundary] overload(int) -> v1
[Boundary] generic<String> -> v1, value=hello
[Boundary] generic<Int32> -> v1, value=99
[Boundary] instance void -> v1 (counter=16)
[Boundary] instance ret -> v1
  ref result: [Boundary] instance ref -> v1
[Boundary] async entry -> v1
[Boundary] iterator entry -> v1
  iterator value: 1
[Boundary] iterator after yield -> v1
  iterator value: 2
[Boundary] async after await -> v1
[Boundary] static void -> v1
[Boundary] static ret -> v1
[Boundary] static out -> v1
[Boundary] overload(string) -> v1
[Boundary] overload(int) -> v1
[Boundary] generic<String> -> v1, value=hello
[Boundary] generic<Int32> -> v1, value=99
[Boundary] instance void -> v1 (counter=17)
[Boundary] instance ret -> v1
  ref result: [Boundary] instance ref -> v1
[Boundary] async entry -> v1
[Boundary] iterator entry -> v1
  iterator value: 1
[Boundary] iterator after yield -> v1
  iterator value: 2
[Boundary] async after await -> v1
[Boundary] static void -> v1
[Boundary] static ret -> v1
[Boundary] static out -> v1
[Boundary] overload(string) -> v1
[Boundary] overload(int) -> v1
[Boundary] generic<String> -> v1, value=hello
[Boundary] generic<Int32> -> v1, value=99
[Boundary] instance void -> v1 (counter=18)
[Boundary] instance ret -> v1
  ref result: [Boundary] instance ref -> v1
[Boundary] async entry -> v1
[Boundary] iterator entry -> v1
  iterator value: 1
[Boundary] iterator after yield -> v1
  iterator value: 2
[Boundary] async after await -> v1
[Boundary] static void -> v1
[Boundary] static ret -> v1
[Boundary] static out -> v1
[Boundary] overload(string) -> v1
[Boundary] overload(int) -> v1
[Boundary] generic<String> -> v1, value=hello
[Boundary] generic<Int32> -> v1, value=99
[Boundary] instance void -> v1 (counter=19)
[Boundary] instance ret -> v1
  ref result: [Boundary] instance ref -> v1
[Boundary] async entry -> v1
[Boundary] iterator entry -> v1
  iterator value: 1
[Boundary] iterator after yield -> v1
  iterator value: 2
[Boundary] === Round=20: all calls completed ===
[Boundary] async after await -> v1
[Boundary] static void -> v1
[Boundary] static ret -> v1
[Boundary] static out -> v1
[Boundary] overload(string) -> v1
[Boundary] overload(int) -> v1
[Boundary] generic<String> -> v1, value=hello
[Boundary] generic<Int32> -> v1, value=99
[Boundary] instance void -> v1 (counter=20)
[Boundary] instance ret -> v1
  ref result: [Boundary] instance ref -> v1
[Boundary] async entry -> v1
[Boundary] iterator entry -> v1
  iterator value: 1
[Boundary] iterator after yield -> v1
  iterator value: 2
[Boundary] async after await -> v1
[Boundary] static void -> v1
[Boundary] static ret -> v1
[Boundary] static out -> v1
[Boundary] overload(string) -> v1
[Boundary] overload(int) -> v1
[Boundary] generic<String> -> v1, value=hello
[Boundary] generic<Int32> -> v1, value=99
[Boundary] instance void -> v1 (counter=21)
[Boundary] instance ret -> v1
  ref result: [Boundary] instance ref -> v1
[Boundary] async entry -> v1
[Boundary] iterator entry -> v1
  iterator value: 1
[Boundary] iterator after yield -> v1
  iterator value: 2
[Boundary] async after await -> v1
[Boundary] static void -> v1
[Boundary] static ret -> v1
[Boundary] static out -> v1
[Boundary] overload(string) -> v1
[Boundary] overload(int) -> v1
[Boundary] generic<String> -> v1, value=hello
[Boundary] generic<Int32> -> v1, value=99
[Boundary] instance void -> v1 (counter=22)
[Boundary] instance ret -> v1
  ref result: [Boundary] instance ref -> v1
[Boundary] async entry -> v1
[Boundary] iterator entry -> v1
  iterator value: 1
[Boundary] iterator after yield -> v1
  iterator value: 2
[Boundary] async after await -> v1
[Boundary] static void -> v1
[Boundary] static ret -> v1
[Boundary] static out -> v1
[Boundary] overload(string) -> v1
[Boundary] overload(int) -> v1
[Boundary] generic<String> -> v1, value=hello
[Boundary] generic<Int32> -> v1, value=99
[Boundary] instance void -> v1 (counter=23)
[Boundary] instance ret -> v1
  ref result: [Boundary] instance ref -> v1
[Boundary] async entry -> v1
[Boundary] iterator entry -> v1
  iterator value: 1
[Boundary] iterator after yield -> v1
  iterator value: 2
[Boundary] async after await -> v1
[Boundary] static void -> v1
[Boundary] static ret -> v1
[Boundary] static out -> v1
[Boundary] overload(string) -> v1
[Boundary] overload(int) -> v1
[Boundary] generic<String> -> v1, value=hello
[Boundary] generic<Int32> -> v1, value=99
[Boundary] instance void -> v1 (counter=24)
[Boundary] instance ret -> v1
  ref result: [Boundary] instance ref -> v1
[Boundary] async entry -> v1
[Boundary] iterator entry -> v1
  iterator value: 1
[Boundary] iterator after yield -> v1
  iterator value: 2
[Boundary] async after await -> v1
[Boundary] static void -> v1
[Boundary] static ret -> v1
[Boundary] static out -> v1
[Boundary] overload(string) -> v1
[Boundary] overload(int) -> v1
[Boundary] generic<String> -> v1, value=hello
[Boundary] generic<Int32> -> v1, value=99
[Boundary] instance void -> v1 (counter=25)
[Boundary] instance ret -> v1
  ref result: [Boundary] instance ref -> v1
[Boundary] async entry -> v1
[Boundary] iterator entry -> v1
  iterator value: 1
[Boundary] iterator after yield -> v1
  iterator value: 2
[Boundary] async after await -> v1
[Boundary] static void -> v1
[Boundary] static ret -> v1
[Boundary] static out -> v1
[Boundary] overload(string) -> v1
[Boundary] overload(int) -> v1
[Boundary] generic<String> -> v1, value=hello
[Boundary] generic<Int32> -> v1, value=99
[Boundary] instance void -> v1 (counter=26)
[Boundary] instance ret -> v1
  ref result: [Boundary] instance ref -> v1
[Boundary] async entry -> v1
[Boundary] iterator entry -> v1
  iterator value: 1
[Boundary] iterator after yield -> v1
  iterator value: 2
[Boundary] async after await -> v1
[Boundary] static void -> v1
[Boundary] static ret -> v1
[Boundary] static out -> v1
[Boundary] overload(string) -> v1
[Boundary] overload(int) -> v1
[Boundary] generic<String> -> v1, value=hello
[Boundary] generic<Int32> -> v1, value=99
[Boundary] instance void -> v1 (counter=27)
[Boundary] instance ret -> v1
  ref result: [Boundary] instance ref -> v1
[Boundary] async entry -> v1
[Boundary] iterator entry -> v1
  iterator value: 1
[Boundary] iterator after yield -> v1
  iterator value: 2
[Boundary] async after await -> v1
[Boundary] static void -> v1
[Boundary] static ret -> v1
[Boundary] static out -> v1
[Boundary] overload(string) -> v1
[Boundary] overload(int) -> v1
[Boundary] generic<String> -> v1, value=hello
[Boundary] generic<Int32> -> v1, value=99
[Boundary] instance void -> v1 (counter=28)
[Boundary] instance ret -> v1
  ref result: [Boundary] instance ref -> v1
[Boundary] async entry -> v1
[Boundary] iterator entry -> v1
  iterator value: 1
[Boundary] iterator after yield -> v1
  iterator value: 2
[Boundary] async after await -> v1
[Boundary] static void -> v1
[Boundary] static ret -> v1
[Boundary] static out -> v1
[Boundary] overload(string) -> v1
[Boundary] overload(int) -> v1
[Boundary] generic<String> -> v1, value=hello
[Boundary] generic<Int32> -> v1, value=99
[Boundary] instance void -> v1 (counter=29)
[Boundary] instance ret -> v1
  ref result: [Boundary] instance ref -> v1
[Boundary] async entry -> v1
[Boundary] iterator entry -> v1
  iterator value: 1
[Boundary] iterator after yield -> v1
  iterator value: 2
[Boundary] === Round=30: all calls completed ===
[Boundary] async after await -> v1
[Boundary] static void -> v1
[Boundary] static ret -> v1
[Boundary] static out -> v1
[Boundary] overload(string) -> v1
[Boundary] overload(int) -> v1
[Boundary] generic<String> -> v1, value=hello
[Boundary] generic<Int32> -> v1, value=99
[Boundary] instance void -> v1 (counter=30)
[Boundary] instance ret -> v1
  ref result: [Boundary] instance ref -> v1
[Boundary] async entry -> v1
[Boundary] iterator entry -> v1
  iterator value: 1
[Boundary] iterator after yield -> v1
  iterator value: 2
[Boundary] async after await -> v1
[Boundary] static void -> v1
[Boundary] static ret -> v1
[Boundary] static out -> v1
[Boundary] overload(string) -> v1
[Boundary] overload(int) -> v1
[Boundary] generic<String> -> v1, value=hello
[Boundary] generic<Int32> -> v1, value=99
[Boundary] instance void -> v1 (counter=31)
[Boundary] instance ret -> v1
  ref result: [Boundary] instance ref -> v1
[Boundary] async entry -> v1
[Boundary] iterator entry -> v1
  iterator value: 1
[Boundary] iterator after yield -> v1
  iterator value: 2
[Boundary] async after await -> v1
[Boundary] static void -> v1
[Boundary] static ret -> v1
[Boundary] static out -> v1
[Boundary] overload(string) -> v1
[Boundary] overload(int) -> v1
[Boundary] generic<String> -> v1, value=hello
[Boundary] generic<Int32> -> v1, value=99
[Boundary] instance void -> v1 (counter=32)
[Boundary] instance ret -> v1
  ref result: [Boundary] instance ref -> v1
[Boundary] async entry -> v1
[Boundary] iterator entry -> v1
  iterator value: 1
[Boundary] iterator after yield -> v1
  iterator value: 2
[Boundary] async after await -> v1
[Boundary] static void -> v1
[Boundary] static ret -> v1
[Boundary] static out -> v1
[Boundary] overload(string) -> v1
[Boundary] overload(int) -> v1
[Boundary] generic<String> -> v1, value=hello
[Boundary] generic<Int32> -> v1, value=99
[Boundary] instance void -> v1 (counter=33)
[Boundary] instance ret -> v1
  ref result: [Boundary] instance ref -> v1
[Boundary] async entry -> v1
[Boundary] iterator entry -> v1
  iterator value: 1
[Boundary] iterator after yield -> v1
  iterator value: 2
[Boundary] async after await -> v1
[Boundary] static void -> v1
[Boundary] static ret -> v1
[Boundary] static out -> v1
[Boundary] overload(string) -> v1
[Boundary] overload(int) -> v1
[Boundary] generic<String> -> v1, value=hello
[Boundary] generic<Int32> -> v1, value=99
[Boundary] instance void -> v1 (counter=34)
[Boundary] instance ret -> v1
  ref result: [Boundary] instance ref -> v1
[Boundary] async entry -> v1
[Boundary] iterator entry -> v1
  iterator value: 1
[Boundary] iterator after yield -> v1
  iterator value: 2
[Boundary] async after await -> v1
[Boundary] static void -> v1
[Boundary] static ret -> v1
[Boundary] static out -> v1
[Boundary] overload(string) -> v1
[Boundary] overload(int) -> v1
[Boundary] generic<String> -> v1, value=hello
[Boundary] generic<Int32> -> v1, value=99
[Boundary] instance void -> v1 (counter=35)
[Boundary] instance ret -> v1
  ref result: [Boundary] instance ref -> v1
[Boundary] async entry -> v1
[Boundary] iterator entry -> v1
  iterator value: 1
[Boundary] iterator after yield -> v1
  iterator value: 2
[Boundary] async after await -> v1
[Boundary] static void -> v1
[Boundary] static ret -> v1
[Boundary] static out -> v1
[Boundary] overload(string) -> v1
[Boundary] overload(int) -> v1
[Boundary] generic<String> -> v1, value=hello
[Boundary] generic<Int32> -> v1, value=99
[Boundary] instance void -> v1 (counter=36)
[Boundary] instance ret -> v1
  ref result: [Boundary] instance ref -> v1
[Boundary] async entry -> v1
[Boundary] iterator entry -> v1
  iterator value: 1
[Boundary] iterator after yield -> v1
  iterator value: 2
[Boundary] async after await -> v1
[Boundary] static void -> v1
[Boundary] static ret -> v1
[Boundary] static out -> v1
[Boundary] overload(string) -> v1
[Boundary] overload(int) -> v1
[Boundary] generic<String> -> v1, value=hello
[Boundary] generic<Int32> -> v1, value=99
[Boundary] instance void -> v1 (counter=37)
[Boundary] instance ret -> v1
  ref result: [Boundary] instance ref -> v1
[Boundary] async entry -> v1
[Boundary] iterator entry -> v1
  iterator value: 1
[Boundary] iterator after yield -> v1
  iterator value: 2
[Boundary] async after await -> v1
[Boundary] static void -> v1
[Boundary] static ret -> v1
[Boundary] static out -> v1
[Boundary] overload(string) -> v1
[Boundary] overload(int) -> v1
[Boundary] generic<String> -> v1, value=hello
[Boundary] generic<Int32> -> v1, value=99
[Boundary] instance void -> v1 (counter=38)
[Boundary] instance ret -> v1
  ref result: [Boundary] instance ref -> v1
[Boundary] async entry -> v1
[Boundary] iterator entry -> v1
  iterator value: 1
[Boundary] iterator after yield -> v1
  iterator value: 2
[Boundary] async after await -> v1
[Boundary] static void -> v1
[Boundary] static ret -> v1
[Boundary] static out -> v1
[Boundary] overload(string) -> v1
[Boundary] overload(int) -> v1
[Boundary] generic<String> -> v1, value=hello
[Boundary] generic<Int32> -> v1, value=99
[Boundary] instance void -> v1 (counter=39)
[Boundary] instance ret -> v1
  ref result: [Boundary] instance ref -> v1
[Boundary] async entry -> v1
[Boundary] iterator entry -> v1
  iterator value: 1
[Boundary] iterator after yield -> v1
  iterator value: 2
[Boundary] === Round=40: all calls completed ===
[Boundary] async after await -> v1
[Boundary] static void -> v1
[Boundary] static ret -> v1
[Boundary] static out -> v1
[Boundary] overload(string) -> v1
[Boundary] overload(int) -> v1
[Boundary] generic<String> -> v1, value=hello
[Boundary] generic<Int32> -> v1, value=99
[Boundary] instance void -> v1 (counter=40)
[Boundary] instance ret -> v1
  ref result: [Boundary] instance ref -> v1
[Boundary] async entry -> v1
[Boundary] iterator entry -> v1
  iterator value: 1
[Boundary] iterator after yield -> v1
  iterator value: 2
[Boundary] async after await -> v1
[Boundary] static void -> v1
[Boundary] static ret -> v1
[Boundary] static out -> v1
[Boundary] overload(string) -> v1
[Boundary] overload(int) -> v1
[Boundary] generic<String> -> v1, value=hello
[Boundary] generic<Int32> -> v1, value=99
[Boundary] instance void -> v1 (counter=41)
[Boundary] instance ret -> v1
  ref result: [Boundary] instance ref -> v1
[Boundary] async entry -> v1
[Boundary] iterator entry -> v1
  iterator value: 1
[Boundary] iterator after yield -> v1
  iterator value: 2
[Boundary] async after await -> v1
[Boundary] static void -> v1
[Boundary] static ret -> v1
[Boundary] static out -> v1
[Boundary] overload(string) -> v1
[Boundary] overload(int) -> v1
[Boundary] generic<String> -> v1, value=hello
[Boundary] generic<Int32> -> v1, value=99
[Boundary] instance void -> v1 (counter=42)
[Boundary] instance ret -> v1
  ref result: [Boundary] instance ref -> v1
[Boundary] async entry -> v1
[Boundary] iterator entry -> v1
  iterator value: 1
[Boundary] iterator after yield -> v1
  iterator value: 2
[Boundary] async after await -> v1
[Boundary] static void -> v1
[Boundary] static ret -> v1
[Boundary] static out -> v1
[Boundary] overload(string) -> v1
[Boundary] overload(int) -> v1
[Boundary] generic<String> -> v1, value=hello
[Boundary] generic<Int32> -> v1, value=99
[Boundary] instance void -> v1 (counter=43)
[Boundary] instance ret -> v1
  ref result: [Boundary] instance ref -> v1
[Boundary] async entry -> v1
[Boundary] iterator entry -> v1
  iterator value: 1
[Boundary] iterator after yield -> v1
  iterator value: 2
[Boundary] async after await -> v1
[Boundary] static void -> v1
[Boundary] static ret -> v1
[Boundary] static out -> v1
[Boundary] overload(string) -> v1
[Boundary] overload(int) -> v1
[Boundary] generic<String> -> v1, value=hello
[Boundary] generic<Int32> -> v1, value=99
[Boundary] instance void -> v1 (counter=44)
[Boundary] instance ret -> v1
  ref result: [Boundary] instance ref -> v1
[Boundary] async entry -> v1
[Boundary] iterator entry -> v1
  iterator value: 1
[Boundary] iterator after yield -> v1
  iterator value: 2
[Boundary] async after await -> v1
[Boundary] static void -> v1
[Boundary] static ret -> v1
[Boundary] static out -> v1
[Boundary] overload(string) -> v1
[Boundary] overload(int) -> v1
[Boundary] generic<String> -> v1, value=hello
[Boundary] generic<Int32> -> v1, value=99
[Boundary] instance void -> v1 (counter=45)
[Boundary] instance ret -> v1
  ref result: [Boundary] instance ref -> v1
[Boundary] async entry -> v1
[Boundary] iterator entry -> v1
  iterator value: 1
[Boundary] iterator after yield -> v1
  iterator value: 2
[Boundary] async after await -> v1
[Boundary] static void -> v1
[Boundary] static ret -> v1
[Boundary] static out -> v1
[Boundary] overload(string) -> v1
[Boundary] overload(int) -> v1
[Boundary] generic<String> -> v1, value=hello
[Boundary] generic<Int32> -> v1, value=99
[Boundary] instance void -> v1 (counter=46)
[Boundary] instance ret -> v1
  ref result: [Boundary] instance ref -> v1
[Boundary] async entry -> v1
[Boundary] iterator entry -> v1
  iterator value: 1
[Boundary] iterator after yield -> v1
  iterator value: 2
[Boundary] async after await -> v1
[Boundary] static void -> v1
[Boundary] static ret -> v1
[Boundary] static out -> v1
[Boundary] overload(string) -> v1
[Boundary] overload(int) -> v1
[Boundary] generic<String> -> v1, value=hello
[Boundary] generic<Int32> -> v1, value=99
[Boundary] instance void -> v1 (counter=47)
[Boundary] instance ret -> v1
  ref result: [Boundary] instance ref -> v1
[Boundary] async entry -> v1
[Boundary] iterator entry -> v1
  iterator value: 1
[Boundary] iterator after yield -> v1
  iterator value: 2
[Boundary] async after await -> v1
[Boundary] static void -> v1
[Boundary] static ret -> v1
[Boundary] static out -> v1
[Boundary] overload(string) -> v1
[Boundary] overload(int) -> v1
[Boundary] generic<String> -> v1, value=hello
[Boundary] generic<Int32> -> v1, value=99
[Boundary] instance void -> v1 (counter=48)
[Boundary] instance ret -> v1
  ref result: [Boundary] instance ref -> v1
[Boundary] async entry -> v1
[Boundary] iterator entry -> v1
  iterator value: 1
[Boundary] iterator after yield -> v1
  iterator value: 2
[Boundary] async after await -> v1
[Boundary] static void -> v1
[Boundary] static ret -> v1
[Boundary] static out -> v1
[Boundary] overload(string) -> v1
[Boundary] overload(int) -> v1
[Boundary] generic<String> -> v1, value=hello
[Boundary] generic<Int32> -> v1, value=99
[Boundary] instance void -> v1 (counter=49)
[Boundary] instance ret -> v1
  ref result: [Boundary] instance ref -> v1
[Boundary] async entry -> v1
[Boundary] iterator entry -> v1
  iterator value: 1
[Boundary] iterator after yield -> v1
  iterator value: 2
[Boundary] === Round=50: all calls completed ===
[Boundary] async after await -> v1
[Boundary] static void -> v1
[Boundary] static ret -> v1
[Boundary] static out -> v1
[Boundary] overload(string) -> v1
[Boundary] overload(int) -> v1
[Boundary] generic<String> -> v1, value=hello
[Boundary] generic<Int32> -> v1, value=99
[Boundary] instance void -> v1 (counter=50)
[Boundary] instance ret -> v1
  ref result: [Boundary] instance ref -> v1
[Boundary] async entry -> v1
[Boundary] iterator entry -> v1
  iterator value: 1
[Boundary] iterator after yield -> v1
  iterator value: 2
[Boundary] async after await -> v1
[Boundary] static void -> v1
[Boundary] static ret -> v1
[Boundary] static out -> v1
[Boundary] overload(string) -> v1
[Boundary] overload(int) -> v1
[Boundary] generic<String> -> v1, value=hello
[Boundary] generic<Int32> -> v1, value=99
[Boundary] instance void -> v1 (counter=51)
[Boundary] instance ret -> v1
  ref result: [Boundary] instance ref -> v1
[Boundary] async entry -> v1
[Boundary] iterator entry -> v1
  iterator value: 1
[Boundary] iterator after yield -> v1
  iterator value: 2
[Boundary] async after await -> v1
[Boundary] static void -> v1
[Boundary] static ret -> v1
[Boundary] static out -> v1
[Boundary] overload(string) -> v1
[Boundary] overload(int) -> v1
[Boundary] generic<String> -> v1, value=hello
[Boundary] generic<Int32> -> v1, value=99
[Boundary] instance void -> v1 (counter=52)
[Boundary] instance ret -> v1
  ref result: [Boundary] instance ref -> v1
[Boundary] async entry -> v1
[Boundary] iterator entry -> v1
  iterator value: 1
[Boundary] iterator after yield -> v1
  iterator value: 2
[Boundary] async after await -> v1
[Boundary] static void -> v1
[Boundary] static ret -> v1
[Boundary] static out -> v1
[Boundary] overload(string) -> v1
[Boundary] overload(int) -> v1
[Boundary] generic<String> -> v1, value=hello
[Boundary] generic<Int32> -> v1, value=99
[Boundary] instance void -> v1 (counter=53)
[Boundary] instance ret -> v1
  ref result: [Boundary] instance ref -> v1
[Boundary] async entry -> v1
[Boundary] iterator entry -> v1
  iterator value: 1
[Boundary] iterator after yield -> v1
  iterator value: 2
[Boundary] async after await -> v1
[Boundary] static void -> v1
[Boundary] static ret -> v1
[Boundary] static out -> v1
[Boundary] overload(string) -> v1
[Boundary] overload(int) -> v1
[Boundary] generic<String> -> v1, value=hello
[Boundary] generic<Int32> -> v1, value=99
[Boundary] instance void -> v1 (counter=54)
[Boundary] instance ret -> v1
  ref result: [Boundary] instance ref -> v1
[Boundary] async entry -> v1
[Boundary] iterator entry -> v1
  iterator value: 1
[Boundary] iterator after yield -> v1
  iterator value: 2
[Boundary] async after await -> v1
[Boundary] static void -> v1
[Boundary] static ret -> v1
[Boundary] static out -> v1
[Boundary] overload(string) -> v1
[Boundary] overload(int) -> v1
[Boundary] generic<String> -> v1, value=hello
[Boundary] generic<Int32> -> v1, value=99
[Boundary] instance void -> v1 (counter=55)
[Boundary] instance ret -> v1
  ref result: [Boundary] instance ref -> v1
[Boundary] async entry -> v1
[Boundary] iterator entry -> v1
  iterator value: 1
[Boundary] iterator after yield -> v1
  iterator value: 2
[Boundary] async after await -> v1
[Boundary] static void -> v1
[Boundary] static ret -> v1
[Boundary] static out -> v1
[Boundary] overload(string) -> v1
[Boundary] overload(int) -> v1
[Boundary] generic<String> -> v1, value=hello
[Boundary] generic<Int32> -> v1, value=99
[Boundary] instance void -> v1 (counter=56)
[Boundary] instance ret -> v1
  ref result: [Boundary] instance ref -> v1
[Boundary] async entry -> v1
[Boundary] iterator entry -> v1
  iterator value: 1
[Boundary] iterator after yield -> v1
  iterator value: 2
[Boundary] async after await -> v1
[Boundary] static void -> v1
[Boundary] static ret -> v1
[Boundary] static out -> v1
[Boundary] overload(string) -> v1
[Boundary] overload(int) -> v1
[Boundary] generic<String> -> v1, value=hello
[Boundary] generic<Int32> -> v1, value=99
[Boundary] instance void -> v1 (counter=57)
[Boundary] instance ret -> v1
  ref result: [Boundary] instance ref -> v1
[Boundary] async entry -> v1
[Boundary] iterator entry -> v1
  iterator value: 1
[Boundary] iterator after yield -> v1
  iterator value: 2
[Boundary] async after await -> v1
[Boundary] static void -> v1
[Boundary] static ret -> v1
[Boundary] static out -> v1
[Boundary] overload(string) -> v1
[Boundary] overload(int) -> v1
[Boundary] generic<String> -> v1, value=hello
[Boundary] generic<Int32> -> v1, value=99
[Boundary] instance void -> v1 (counter=58)
[Boundary] instance ret -> v1
  ref result: [Boundary] instance ref -> v1
[Boundary] async entry -> v1
[Boundary] iterator entry -> v1
  iterator value: 1
[Boundary] iterator after yield -> v1
  iterator value: 2
[Boundary] async after await -> v1
[Boundary] static void -> v1
[Boundary] static ret -> v1
[Boundary] static out -> v1
[Boundary] overload(string) -> v1
[Boundary] overload(int) -> v1
[Boundary] generic<String> -> v1, value=hello
[Boundary] generic<Int32> -> v1, value=99
[Boundary] instance void -> v1 (counter=59)
[Boundary] instance ret -> v1
  ref result: [Boundary] instance ref -> v1
[Boundary] async entry -> v1
[Boundary] iterator entry -> v1
  iterator value: 1
[Boundary] iterator after yield -> v1
  iterator value: 2
[Boundary] === Round=60: all calls completed ===
[Boundary] async after await -> v1
[Boundary] static void -> v1
[Boundary] static ret -> v1
[Boundary] static out -> v1
[Boundary] overload(string) -> v1
[Boundary] overload(int) -> v1
[Boundary] generic<String> -> v1, value=hello
[Boundary] generic<Int32> -> v1, value=99
[Boundary] instance void -> v1 (counter=60)
[Boundary] instance ret -> v1
  ref result: [Boundary] instance ref -> v1
[Boundary] async entry -> v1
[Boundary] iterator entry -> v1
  iterator value: 1
[Boundary] iterator after yield -> v1
  iterator value: 2
[Boundary] async after await -> v1
[Boundary] static void -> v1
[Boundary] static ret -> v1
[Boundary] static out -> v1
[Boundary] overload(string) -> v1
[Boundary] overload(int) -> v1
[Boundary] generic<String> -> v1, value=hello
[Boundary] generic<Int32> -> v1, value=99
[Boundary] instance void -> v1 (counter=61)
[Boundary] instance ret -> v1
  ref result: [Boundary] instance ref -> v1
[Boundary] async entry -> v1
[Boundary] iterator entry -> v1
  iterator value: 1
[Boundary] iterator after yield -> v1
  iterator value: 2
[Boundary] async after await -> v1
[Boundary] static void -> v1
[Boundary] static ret -> v1
[Boundary] static out -> v1
[Boundary] overload(string) -> v1
[Boundary] overload(int) -> v1
[Boundary] generic<String> -> v1, value=hello
[Boundary] generic<Int32> -> v1, value=99
[Boundary] instance void -> v1 (counter=62)
[Boundary] instance ret -> v1
  ref result: [Boundary] instance ref -> v1
[Boundary] async entry -> v1
[Boundary] iterator entry -> v1
  iterator value: 1
[Boundary] iterator after yield -> v1
  iterator value: 2
[Boundary] async after await -> v1
[Boundary] static void -> v1
[Boundary] static ret -> v1
[Boundary] static out -> v1
[Boundary] overload(string) -> v1
[Boundary] overload(int) -> v1
[Boundary] generic<String> -> v1, value=hello
[Boundary] generic<Int32> -> v1, value=99
[Boundary] instance void -> v1 (counter=63)
[Boundary] instance ret -> v1
  ref result: [Boundary] instance ref -> v1
[Boundary] async entry -> v1
[Boundary] iterator entry -> v1
  iterator value: 1
[Boundary] iterator after yield -> v1
  iterator value: 2
[Boundary] async after await -> v1
[Boundary] static void -> v1
[Boundary] static ret -> v1
[Boundary] static out -> v1
[Boundary] overload(string) -> v1
[Boundary] overload(int) -> v1
[Boundary] generic<String> -> v1, value=hello
[Boundary] generic<Int32> -> v1, value=99
[Boundary] instance void -> v1 (counter=64)
[Boundary] instance ret -> v1
  ref result: [Boundary] instance ref -> v1
[Boundary] async entry -> v1
[Boundary] iterator entry -> v1
  iterator value: 1
[Boundary] iterator after yield -> v1
  iterator value: 2
[Boundary] async after await -> v1
[Boundary] static void -> v1
[Boundary] static ret -> v1
[Boundary] static out -> v1
[Boundary] overload(string) -> v1
[Boundary] overload(int) -> v1
[Boundary] generic<String> -> v1, value=hello
[Boundary] generic<Int32> -> v1, value=99
[Boundary] instance void -> v1 (counter=65)
[Boundary] instance ret -> v1
  ref result: [Boundary] instance ref -> v1
[Boundary] async entry -> v1
[Boundary] iterator entry -> v1
  iterator value: 1
[Boundary] iterator after yield -> v1
  iterator value: 2
[Boundary] async after await -> v1
[Boundary] static void -> v1
[Boundary] static ret -> v1
[Boundary] static out -> v1
[Boundary] overload(string) -> v1
[Boundary] overload(int) -> v1
[Boundary] generic<String> -> v1, value=hello
[Boundary] generic<Int32> -> v1, value=99
[Boundary] instance void -> v1 (counter=66)
[Boundary] instance ret -> v1
  ref result: [Boundary] instance ref -> v1
[Boundary] async entry -> v1
[Boundary] iterator entry -> v1
  iterator value: 1
[Boundary] iterator after yield -> v1
  iterator value: 2
[Boundary] async after await -> v1
[Boundary] static void -> v1
[Boundary] static ret -> v1
[Boundary] static out -> v1
[Boundary] overload(string) -> v1
[Boundary] overload(int) -> v1
[Boundary] generic<String> -> v1, value=hello
[Boundary] generic<Int32> -> v1, value=99
[Boundary] instance void -> v1 (counter=67)
[Boundary] instance ret -> v1
  ref result: [Boundary] instance ref -> v1
[Boundary] async entry -> v1
[Boundary] iterator entry -> v1
  iterator value: 1
[Boundary] iterator after yield -> v1
  iterator value: 2
[Boundary] async after await -> v1
[Boundary] static void -> v1
[Boundary] static ret -> v1
[Boundary] static out -> v1
[Boundary] overload(string) -> v1
[Boundary] overload(int) -> v1
[Boundary] generic<String> -> v1, value=hello
[Boundary] generic<Int32> -> v1, value=99
[Boundary] instance void -> v1 (counter=68)
[Boundary] instance ret -> v1
  ref result: [Boundary] instance ref -> v1
[Boundary] async entry -> v1
[Boundary] iterator entry -> v1
  iterator value: 1
[Boundary] iterator after yield -> v1
  iterator value: 2
[Boundary] async after await -> v1
[Boundary] static void -> v1
[Boundary] static ret -> v1
[Boundary] static out -> v1
[Boundary] overload(string) -> v1
[Boundary] overload(int) -> v1
[Boundary] generic<String> -> v1, value=hello
[Boundary] generic<Int32> -> v1, value=99
[Boundary] instance void -> v1 (counter=69)
[Boundary] instance ret -> v1
  ref result: [Boundary] instance ref -> v1
[Boundary] async entry -> v1
[Boundary] iterator entry -> v1
  iterator value: 1
[Boundary] iterator after yield -> v1
  iterator value: 2
[Boundary] === Round=70: all calls completed ===
[Boundary] async after await -> v1
[Boundary] static void -> v1
[Boundary] static ret -> v1
[Boundary] static out -> v1
[Boundary] overload(string) -> v1
[Boundary] overload(int) -> v1
[Boundary] generic<String> -> v1, value=hello
[Boundary] generic<Int32> -> v1, value=99
[Boundary] instance void -> v1 (counter=70)
[Boundary] instance ret -> v1
  ref result: [Boundary] instance ref -> v1
[Boundary] async entry -> v1
[Boundary] iterator entry -> v1
  iterator value: 1
[Boundary] iterator after yield -> v1
  iterator value: 2
[Boundary] async after await -> v1
[Boundary] static void -> v1
[Boundary] static ret -> v1
[Boundary] static out -> v1
[Boundary] overload(string) -> v1
[Boundary] overload(int) -> v1
[Boundary] generic<String> -> v1, value=hello
[Boundary] generic<Int32> -> v1, value=99
[Boundary] instance void -> v1 (counter=71)
[Boundary] instance ret -> v1
  ref result: [Boundary] instance ref -> v1
[Boundary] async entry -> v1
[Boundary] iterator entry -> v1
  iterator value: 1
[Boundary] iterator after yield -> v1
  iterator value: 2
[Boundary] async after await -> v1
[Boundary] static void -> v1
[Boundary] static ret -> v1
[Boundary] static out -> v1
[Boundary] overload(string) -> v1
[Boundary] overload(int) -> v1
[Boundary] generic<String> -> v1, value=hello
[Boundary] generic<Int32> -> v1, value=99
[Boundary] instance void -> v1 (counter=72)
[Boundary] instance ret -> v1
  ref result: [Boundary] instance ref -> v1
[Boundary] async entry -> v1
[Boundary] iterator entry -> v1
  iterator value: 1
[Boundary] iterator after yield -> v1
  iterator value: 2
[Boundary] async after await -> v1
[Boundary] static void -> v1
[Boundary] static ret -> v1
[Boundary] static out -> v1
[Boundary] overload(string) -> v1
[Boundary] overload(int) -> v1
[Boundary] generic<String> -> v1, value=hello
[Boundary] generic<Int32> -> v1, value=99
[Boundary] instance void -> v1 (counter=73)
[Boundary] instance ret -> v1
  ref result: [Boundary] instance ref -> v1
[Boundary] async entry -> v1
[Boundary] iterator entry -> v1
  iterator value: 1
[Boundary] iterator after yield -> v1
  iterator value: 2
[Boundary] async after await -> v1
[Boundary] static void -> v1
[Boundary] static ret -> v1
[Boundary] static out -> v1
[Boundary] overload(string) -> v1
[Boundary] overload(int) -> v1
[Boundary] generic<String> -> v1, value=hello
[Boundary] generic<Int32> -> v1, value=99
[Boundary] instance void -> v1 (counter=74)
[Boundary] instance ret -> v1
  ref result: [Boundary] instance ref -> v1
[Boundary] async entry -> v1
[Boundary] iterator entry -> v1
  iterator value: 1
[Boundary] iterator after yield -> v1
  iterator value: 2
[Boundary] async after await -> v1
[Boundary] static void -> v1
[Boundary] static ret -> v1
[Boundary] static out -> v1
[Boundary] overload(string) -> v1
[Boundary] overload(int) -> v1
[Boundary] generic<String> -> v1, value=hello
[Boundary] generic<Int32> -> v1, value=99
[Boundary] instance void -> v1 (counter=75)
[Boundary] instance ret -> v1
  ref result: [Boundary] instance ref -> v1
[Boundary] async entry -> v1
[Boundary] iterator entry -> v1
  iterator value: 1
[Boundary] iterator after yield -> v1
  iterator value: 2
[Boundary] async after await -> v1
[Boundary] static void -> v1
[Boundary] static ret -> v1
[Boundary] static out -> v1
[Boundary] overload(string) -> v1
[Boundary] overload(int) -> v1
[Boundary] generic<String> -> v1, value=hello
[Boundary] generic<Int32> -> v1, value=99
[Boundary] instance void -> v1 (counter=76)
[Boundary] instance ret -> v1
  ref result: [Boundary] instance ref -> v1
[Boundary] async entry -> v1
[Boundary] iterator entry -> v1
  iterator value: 1
[Boundary] iterator after yield -> v1
  iterator value: 2
[Boundary] async after await -> v1
[Boundary] static void -> v1
[Boundary] static ret -> v1
[Boundary] static out -> v1
[Boundary] overload(string) -> v1
[Boundary] overload(int) -> v1
[Boundary] generic<String> -> v1, value=hello
[Boundary] generic<Int32> -> v1, value=99
[Boundary] instance void -> v1 (counter=77)
[Boundary] instance ret -> v1
  ref result: [Boundary] instance ref -> v1
[Boundary] async entry -> v1
[Boundary] iterator entry -> v1
  iterator value: 1
[Boundary] iterator after yield -> v1
  iterator value: 2
[Boundary] async after await -> v1
[Boundary] static void -> v1
[Boundary] static ret -> v1
[Boundary] static out -> v1
[Boundary] overload(string) -> v1
[Boundary] overload(int) -> v1
[Boundary] generic<String> -> v1, value=hello
[Boundary] generic<Int32> -> v1, value=99
[Boundary] instance void -> v1 (counter=78)
[Boundary] instance ret -> v1
  ref result: [Boundary] instance ref -> v1
[Boundary] async entry -> v1
[Boundary] iterator entry -> v1
  iterator value: 1
[Boundary] iterator after yield -> v1
  iterator value: 2
[Boundary] async after await -> v1
[Boundary] static void -> v1
[Boundary] static ret -> v1
[Boundary] static out -> v1
[Boundary] overload(string) -> v1
[Boundary] overload(int) -> v1
[Boundary] generic<String> -> v1, value=hello
[Boundary] generic<Int32> -> v1, value=99
[Boundary] instance void -> v1 (counter=79)
[Boundary] instance ret -> v1
  ref result: [Boundary] instance ref -> v1
[Boundary] async entry -> v1
[Boundary] iterator entry -> v1
  iterator value: 1
[Boundary] iterator after yield -> v1
  iterator value: 2
[Boundary] === Round=80: all calls completed ===
[Boundary] async after await -> v1
[Boundary] static void -> v1
[Boundary] static ret -> v1
[Boundary] static out -> v1
[Boundary] overload(string) -> v1
[Boundary] overload(int) -> v1
[Boundary] generic<String> -> v1, value=hello
[Boundary] generic<Int32> -> v1, value=99
[Boundary] instance void -> v1 (counter=80)
[Boundary] instance ret -> v1
  ref result: [Boundary] instance ref -> v1
[Boundary] async entry -> v1
[Boundary] iterator entry -> v1
  iterator value: 1
[Boundary] iterator after yield -> v1
  iterator value: 2
[Boundary] async after await -> v1
[Boundary] static void -> v1
[Boundary] static ret -> v1
[Boundary] static out -> v1
[Boundary] overload(string) -> v1
[Boundary] overload(int) -> v1
[Boundary] generic<String> -> v1, value=hello
[Boundary] generic<Int32> -> v1, value=99
[Boundary] instance void -> v1 (counter=81)
[Boundary] instance ret -> v1
  ref result: [Boundary] instance ref -> v1
[Boundary] async entry -> v1
[Boundary] iterator entry -> v1
  iterator value: 1
[Boundary] iterator after yield -> v1
  iterator value: 2
[Boundary] async after await -> v1
[Boundary] static void -> v1
[Boundary] static ret -> v1
[Boundary] static out -> v1
[Boundary] overload(string) -> v1
[Boundary] overload(int) -> v1
[Boundary] generic<String> -> v1, value=hello
[Boundary] generic<Int32> -> v1, value=99
[Boundary] instance void -> v1 (counter=82)
[Boundary] instance ret -> v1
  ref result: [Boundary] instance ref -> v1
[Boundary] async entry -> v1
[Boundary] iterator entry -> v1
  iterator value: 1
[Boundary] iterator after yield -> v1
  iterator value: 2
[Boundary] async after await -> v1
[Boundary] static void -> v1
[Boundary] static ret -> v1
[Boundary] static out -> v1
[Boundary] overload(string) -> v1
[Boundary] overload(int) -> v1
[Boundary] generic<String> -> v1, value=hello
[Boundary] generic<Int32> -> v1, value=99
[Boundary] instance void -> v1 (counter=83)
[Boundary] instance ret -> v1
  ref result: [Boundary] instance ref -> v1
[Boundary] async entry -> v1
[Boundary] iterator entry -> v1
  iterator value: 1
[Boundary] iterator after yield -> v1
  iterator value: 2
[Boundary] async after await -> v1
[Boundary] static void -> v1
[Boundary] static ret -> v1
[Boundary] static out -> v1
[Boundary] overload(string) -> v1
[Boundary] overload(int) -> v1
[Boundary] generic<String> -> v1, value=hello
[Boundary] generic<Int32> -> v1, value=99
[Boundary] instance void -> v1 (counter=84)
[Boundary] instance ret -> v1
  ref result: [Boundary] instance ref -> v1
[Boundary] async entry -> v1
[Boundary] iterator entry -> v1
  iterator value: 1
[Boundary] iterator after yield -> v1
  iterator value: 2
[Boundary] async after await -> v1
[Boundary] static void -> v1
[Boundary] static ret -> v1
[Boundary] static out -> v1
[Boundary] overload(string) -> v1
[Boundary] overload(int) -> v1
[Boundary] generic<String> -> v1, value=hello
[Boundary] generic<Int32> -> v1, value=99
[Boundary] instance void -> v1 (counter=85)
[Boundary] instance ret -> v1
  ref result: [Boundary] instance ref -> v1
[Boundary] async entry -> v1
[Boundary] iterator entry -> v1
  iterator value: 1
[Boundary] iterator after yield -> v1
  iterator value: 2
[Boundary] async after await -> v1
[Boundary] static void -> v1
[Boundary] static ret -> v1
[Boundary] static out -> v1
[Boundary] overload(string) -> v1
[Boundary] overload(int) -> v1
[Boundary] generic<String> -> v1, value=hello
[Boundary] generic<Int32> -> v1, value=99
[Boundary] instance void -> v1 (counter=86)
[Boundary] instance ret -> v1
  ref result: [Boundary] instance ref -> v1
[Boundary] async entry -> v1
[Boundary] iterator entry -> v1
  iterator value: 1
[Boundary] iterator after yield -> v1
  iterator value: 2
[Boundary] async after await -> v1
[Boundary] static void -> v1
[Boundary] static ret -> v1
[Boundary] static out -> v1
[Boundary] overload(string) -> v1
[Boundary] overload(int) -> v1
[Boundary] generic<String> -> v1, value=hello
[Boundary] generic<Int32> -> v1, value=99
[Boundary] instance void -> v1 (counter=87)
[Boundary] instance ret -> v1
  ref result: [Boundary] instance ref -> v1
[Boundary] async entry -> v1
[Boundary] iterator entry -> v1
  iterator value: 1
[Boundary] iterator after yield -> v1
  iterator value: 2
[Boundary] async after await -> v1
[Boundary] static void -> v1
[Boundary] static ret -> v1
[Boundary] static out -> v1
[Boundary] overload(string) -> v1
[Boundary] overload(int) -> v1
[Boundary] generic<String> -> v1, value=hello
[Boundary] generic<Int32> -> v1, value=99
[Boundary] instance void -> v1 (counter=88)
[Boundary] instance ret -> v1
  ref result: [Boundary] instance ref -> v1
[Boundary] async entry -> v1
[Boundary] iterator entry -> v1
  iterator value: 1
[Boundary] iterator after yield -> v1
  iterator value: 2
[Boundary] async after await -> v1
[Boundary] static void -> v1
[Boundary] static ret -> v1
[Boundary] static out -> v1
[Boundary] overload(string) -> v1
[Boundary] overload(int) -> v1
[Boundary] generic<String> -> v1, value=hello
[Boundary] generic<Int32> -> v1, value=99
[Boundary] instance void -> v1 (counter=89)
[Boundary] instance ret -> v1
  ref result: [Boundary] instance ref -> v1
[Boundary] async entry -> v1
[Boundary] iterator entry -> v1
  iterator value: 1
[Boundary] iterator after yield -> v1
  iterator value: 2
[Boundary] === Round=90: all calls completed ===
[Boundary] async after await -> v1
[Boundary] static void -> v1
[Boundary] static ret -> v1
[Boundary] static out -> v1
[Boundary] overload(string) -> v1
[Boundary] overload(int) -> v1
[Boundary] generic<String> -> v1, value=hello
[Boundary] generic<Int32> -> v1, value=99
[Boundary] instance void -> v1 (counter=90)
[Boundary] instance ret -> v1
  ref result: [Boundary] instance ref -> v1
[Boundary] async entry -> v1
[Boundary] iterator entry -> v1
  iterator value: 1
[Boundary] iterator after yield -> v1
  iterator value: 2
[Boundary] async after await -> v1
[Boundary] static void -> v1
[Boundary] static ret -> v1
[Boundary] static out -> v1
[Boundary] overload(string) -> v1
[Boundary] overload(int) -> v1
[Boundary] generic<String> -> v1, value=hello
[Boundary] generic<Int32> -> v1, value=99
[Boundary] instance void -> v1 (counter=91)
[Boundary] instance ret -> v1
  ref result: [Boundary] instance ref -> v1
[Boundary] async entry -> v1
[Boundary] iterator entry -> v1
  iterator value: 1
[Boundary] iterator after yield -> v1
  iterator value: 2
[Boundary] async after await -> v1
[Boundary] static void -> v1
[Boundary] static ret -> v1
[Boundary] static out -> v1
[Boundary] overload(string) -> v1
[Boundary] overload(int) -> v1
[Boundary] generic<String> -> v1, value=hello
[Boundary] generic<Int32> -> v1, value=99
[Boundary] instance void -> v1 (counter=92)
[Boundary] instance ret -> v1
  ref result: [Boundary] instance ref -> v1
[Boundary] async entry -> v1
[Boundary] iterator entry -> v1
  iterator value: 1
[Boundary] iterator after yield -> v1
  iterator value: 2
[Boundary] async after await -> v1
[Boundary] static void -> v1
[Boundary] static ret -> v1
[Boundary] static out -> v1
[Boundary] overload(string) -> v1
[Boundary] overload(int) -> v1
[Boundary] generic<String> -> v1, value=hello
[Boundary] generic<Int32> -> v1, value=99
[Boundary] instance void -> v1 (counter=93)
[Boundary] instance ret -> v1
  ref result: [Boundary] instance ref -> v1
[Boundary] async entry -> v1
[Boundary] iterator entry -> v1
  iterator value: 1
[Boundary] iterator after yield -> v1
  iterator value: 2
[Boundary] async after await -> v1
[Boundary] static void -> v1
[Boundary] static ret -> v1
[Boundary] static out -> v1
[Boundary] overload(string) -> v1
[Boundary] overload(int) -> v1
[Boundary] generic<String> -> v1, value=hello
[Boundary] generic<Int32> -> v1, value=99
[Boundary] instance void -> v1 (counter=94)
[Boundary] instance ret -> v1
  ref result: [Boundary] instance ref -> v1
[Boundary] async entry -> v1
[Boundary] iterator entry -> v1
  iterator value: 1
[Boundary] iterator after yield -> v1
  iterator value: 2
[Boundary] async after await -> v1
[Boundary] static void -> v1
[Boundary] static ret -> v1
[Boundary] static out -> v1
[Boundary] overload(string) -> v1
[Boundary] overload(int) -> v1
[Boundary] generic<String> -> v1, value=hello
[Boundary] generic<Int32> -> v1, value=99
[Boundary] instance void -> v1 (counter=95)
[Boundary] instance ret -> v1
  ref result: [Boundary] instance ref -> v1
[Boundary] async entry -> v1
[Boundary] iterator entry -> v1
  iterator value: 1
[Boundary] iterator after yield -> v1
  iterator value: 2
[Boundary] async after await -> v1
[Boundary] static void -> v1
[Boundary] static ret -> v1
[Boundary] static out -> v1
[Boundary] overload(string) -> v1
[Boundary] overload(int) -> v1
[Boundary] generic<String> -> v1, value=hello
[Boundary] generic<Int32> -> v1, value=99
[Boundary] instance void -> v1 (counter=96)
[Boundary] instance ret -> v1
  ref result: [Boundary] instance ref -> v1
[Boundary] async entry -> v1
[Boundary] iterator entry -> v1
  iterator value: 1
[Boundary] iterator after yield -> v1
  iterator value: 2
[Boundary] async after await -> v1
[Boundary] static void -> v1
[Boundary] static ret -> v1
[Boundary] static out -> v1
[Boundary] overload(string) -> v1
[Boundary] overload(int) -> v1
[Boundary] generic<String> -> v1, value=hello
[Boundary] generic<Int32> -> v1, value=99
[Boundary] instance void -> v1 (counter=97)
[Boundary] instance ret -> v1
  ref result: [Boundary] instance ref -> v1
[Boundary] async entry -> v1
[Boundary] iterator entry -> v1
  iterator value: 1
[Boundary] iterator after yield -> v1
  iterator value: 2
[Boundary] async after await -> v1
[Boundary] static void -> v1
[Boundary] static ret -> v1
[Boundary] static out -> v1
[Boundary] overload(string) -> v1
[Boundary] overload(int) -> v1
[Boundary] generic<String> -> v1, value=hello
[Boundary] generic<Int32> -> v1, value=99
[Boundary] instance void -> v1 (counter=98)
[Boundary] instance ret -> v1
  ref result: [Boundary] instance ref -> v1
[Boundary] async entry -> v1
[Boundary] iterator entry -> v1
  iterator value: 1
[Boundary] iterator after yield -> v1
  iterator value: 2
[Boundary] async after await -> v1
[Boundary] static void -> v1
[Boundary] static ret -> v1
[Boundary] static out -> v1
[Boundary] overload(string) -> v1
[Boundary] overload(int) -> v1
[Boundary] generic<String> -> v1, value=hello
[Boundary] generic<Int32> -> v1, value=99
[Boundary] instance void -> v1 (counter=99)
[Boundary] instance ret -> v1
  ref result: [Boundary] instance ref -> v1
[Boundary] async entry -> v1
[Boundary] iterator entry -> v1
  iterator value: 1
[Boundary] iterator after yield -> v1
  iterator value: 2
[Boundary] === Round=100: all calls completed ===
[Boundary] async after await -> v1
[Boundary] static void -> v1
[Boundary] static ret -> v1
[Boundary] static out -> v1
[Boundary] overload(string) -> v1
[Boundary] overload(int) -> v1
[Boundary] generic<String> -> v1, value=hello
[Boundary] generic<Int32> -> v1, value=99
[Boundary] instance void -> v1 (counter=100)
[Boundary] instance ret -> v1
  ref result: [Boundary] instance ref -> v1
[Boundary] async entry -> v1
[Boundary] iterator entry -> v1
  iterator value: 1
[Boundary] iterator after yield -> v1
  iterator value: 2
[Boundary] async after await -> v1
[Boundary] static void -> v1
[Boundary] static ret -> v1
[Boundary] static out -> v1
[Boundary] overload(string) -> v1
[Boundary] overload(int) -> v1
[Boundary] generic<String> -> v1, value=hello
[Boundary] generic<Int32> -> v1, value=99
[Boundary] instance void -> v1 (counter=101)
[Boundary] instance ret -> v1
  ref result: [Boundary] instance ref -> v1
[Boundary] async entry -> v1
[Boundary] iterator entry -> v1
  iterator value: 1
[Boundary] iterator after yield -> v1
  iterator value: 2
[Boundary] async after await -> v1
[Boundary] static void -> v1
[Boundary] static ret -> v1
[Boundary] static out -> v1
[Boundary] overload(string) -> v1
[Boundary] overload(int) -> v1
[Boundary] generic<String> -> v1, value=hello
[Boundary] generic<Int32> -> v1, value=99
[Boundary] instance void -> v1 (counter=102)
[Boundary] instance ret -> v1
  ref result: [Boundary] instance ref -> v1
[Boundary] async entry -> v1
[Boundary] iterator entry -> v1
  iterator value: 1
[Boundary] iterator after yield -> v1
  iterator value: 2
[Boundary] async after await -> v1
[Boundary] static void -> v1
[Boundary] static ret -> v1
[Boundary] static out -> v1
[Boundary] overload(string) -> v1
[Boundary] overload(int) -> v1
[Boundary] generic<String> -> v1, value=hello
[Boundary] generic<Int32> -> v1, value=99
[Boundary] instance void -> v1 (counter=103)
[Boundary] instance ret -> v1
  ref result: [Boundary] instance ref -> v1
[Boundary] async entry -> v1
[Boundary] iterator entry -> v1
  iterator value: 1
[Boundary] iterator after yield -> v1
  iterator value: 2
[Boundary] async after await -> v1
[Boundary] static void -> v1
[Boundary] static ret -> v1
[Boundary] static out -> v1
[Boundary] overload(string) -> v1
[Boundary] overload(int) -> v1
[Boundary] generic<String> -> v1, value=hello
[Boundary] generic<Int32> -> v1, value=99
[Boundary] instance void -> v1 (counter=104)
[Boundary] instance ret -> v1
  ref result: [Boundary] instance ref -> v1
[Boundary] async entry -> v1
[Boundary] iterator entry -> v1
  iterator value: 1
[Boundary] iterator after yield -> v1
  iterator value: 2
[Boundary] async after await -> v1
[Boundary] static void -> v1
[Boundary] static ret -> v1
[Boundary] static out -> v1
[Boundary] overload(string) -> v1
[Boundary] overload(int) -> v1
[Boundary] generic<String> -> v1, value=hello
[Boundary] generic<Int32> -> v1, value=99
[Boundary] instance void -> v1 (counter=105)
[Boundary] instance ret -> v1
  ref result: [Boundary] instance ref -> v1
[Boundary] async entry -> v1
[Boundary] iterator entry -> v1
  iterator value: 1
[Boundary] iterator after yield -> v1
  iterator value: 2
[Boundary] async after await -> v1
[Boundary] static void -> v1
[Boundary] static ret -> v1
[Boundary] static out -> v1
[Boundary] overload(string) -> v1
[Boundary] overload(int) -> v1
[Boundary] generic<String> -> v1, value=hello
[Boundary] generic<Int32> -> v1, value=99
[Boundary] instance void -> v1 (counter=106)
[Boundary] instance ret -> v1
  ref result: [Boundary] instance ref -> v1
[Boundary] async entry -> v1
[Boundary] iterator entry -> v1
  iterator value: 1
[Boundary] iterator after yield -> v1
  iterator value: 2
[Boundary] async after await -> v1
[Boundary] static void -> v1
[Boundary] static ret -> v1
[Boundary] static out -> v1
[Boundary] overload(string) -> v1
[Boundary] overload(int) -> v1
[Boundary] generic<String> -> v1, value=hello
[Boundary] generic<Int32> -> v1, value=99
[Boundary] instance void -> v1 (counter=107)
[Boundary] instance ret -> v1
  ref result: [Boundary] instance ref -> v1
[Boundary] async entry -> v1
[Boundary] iterator entry -> v1
  iterator value: 1
[Boundary] iterator after yield -> v1
  iterator value: 2
[Boundary] async after await -> v1
[Boundary] static void -> v1
[Boundary] static ret -> v1
[Boundary] static out -> v1
[Boundary] overload(string) -> v1
[Boundary] overload(int) -> v1
[Boundary] generic<String> -> v1, value=hello
[Boundary] generic<Int32> -> v1, value=99
[Boundary] instance void -> v1 (counter=108)
[Boundary] instance ret -> v1
  ref result: [Boundary] instance ref -> v1
[Boundary] async entry -> v1
[Boundary] iterator entry -> v1
  iterator value: 1
[Boundary] iterator after yield -> v1
  iterator value: 2
[Boundary] async after await -> v1
[Boundary] static void -> v1
[Boundary] static ret -> v1
[Boundary] static out -> v1
[Boundary] overload(string) -> v1
[Boundary] overload(int) -> v1
[Boundary] generic<String> -> v1, value=hello
[Boundary] generic<Int32> -> v1, value=99
[Boundary] instance void -> v1 (counter=109)
[Boundary] instance ret -> v1
  ref result: [Boundary] instance ref -> v1
[Boundary] async entry -> v1
[Boundary] iterator entry -> v1
  iterator value: 1
[Boundary] iterator after yield -> v1
  iterator value: 2
[Boundary] === Round=110: all calls completed ===
[Boundary] async after await -> v1
[Boundary] static void -> v1
[Boundary] static ret -> v1
[Boundary] static out -> v1
[Boundary] overload(string) -> v1
[Boundary] overload(int) -> v1
[Boundary] generic<String> -> v1, value=hello
[Boundary] generic<Int32> -> v1, value=99
[Boundary] instance void -> v1 (counter=110)
[Boundary] instance ret -> v1
  ref result: [Boundary] instance ref -> v1
[Boundary] async entry -> v1
[Boundary] iterator entry -> v1
  iterator value: 1
[Boundary] iterator after yield -> v1
  iterator value: 2
[Boundary] async after await -> v1
[Boundary] static void -> v1
[Boundary] static ret -> v1
[Boundary] static out -> v1
[Boundary] overload(string) -> v1
[Boundary] overload(int) -> v1
[Boundary] generic<String> -> v1, value=hello
[Boundary] generic<Int32> -> v1, value=99
[Boundary] instance void -> v1 (counter=111)
[Boundary] instance ret -> v1
  ref result: [Boundary] instance ref -> v1
[Boundary] async entry -> v1
[Boundary] iterator entry -> v1
  iterator value: 1
[Boundary] iterator after yield -> v1
  iterator value: 2
[Boundary] async after await -> v1
[Boundary] static void -> v1
[Boundary] static ret -> v1
[Boundary] static out -> v1
[Boundary] overload(string) -> v1
[Boundary] overload(int) -> v1
[Boundary] generic<String> -> v1, value=hello
[Boundary] generic<Int32> -> v1, value=99
[Boundary] instance void -> v1 (counter=112)
[Boundary] instance ret -> v1
  ref result: [Boundary] instance ref -> v1
[Boundary] async entry -> v1
[Boundary] iterator entry -> v1
  iterator value: 1
[Boundary] iterator after yield -> v1
  iterator value: 2
[Boundary] async after await -> v1
[Boundary] static void -> v1
[Boundary] static ret -> v1
[Boundary] static out -> v1
[Boundary] overload(string) -> v1
[Boundary] overload(int) -> v1
[Boundary] generic<String> -> v1, value=hello
[Boundary] generic<Int32> -> v1, value=99
[Boundary] instance void -> v1 (counter=113)
[Boundary] instance ret -> v1
  ref result: [Boundary] instance ref -> v1
[Boundary] async entry -> v1
[Boundary] iterator entry -> v1
  iterator value: 1
[Boundary] iterator after yield -> v1
  iterator value: 2
[Boundary] async after await -> v1
[Hot Reload Live] Changed: BoundaryDemo.cs
[Hot Reload Live] Changed: BoundaryDemo.cs
[Boundary] static void -> v1
[Boundary] static ret -> v1
[Boundary] static out -> v1
[Boundary] overload(string) -> v1
[Boundary] overload(int) -> v1
[Boundary] generic<String> -> v1, value=hello
[Boundary] generic<Int32> -> v1, value=99
[Boundary] instance void -> v1 (counter=114)
[Boundary] instance ret -> v1
  ref result: [Boundary] instance ref -> v1
[Boundary] async entry -> v1
[Boundary] iterator entry -> v1
  iterator value: 1
[Boundary] iterator after yield -> v1
  iterator value: 2
[Boundary] async after await -> v1
[Boundary] static void -> v1
[Boundary] static ret -> v1
[Boundary] static out -> v1
[Boundary] overload(string) -> v1
[Boundary] overload(int) -> v1
[Boundary] generic<String> -> v1, value=hello
[Boundary] generic<Int32> -> v1, value=99
[Boundary] instance void -> v1 (counter=115)
[Boundary] instance ret -> v1
  ref result: [Boundary] instance ref -> v1
[Boundary] async entry -> v1
[Boundary] iterator entry -> v1
  iterator value: 1
[Boundary] iterator after yield -> v1
  iterator value: 2
[Boundary] async after await -> v1
[Hot Reload Live] 📦 Building v1 …
[Hot Reload Live] 📂 Built: D:/GodotHotReload/.hotswap/v1/GodotHotReload.dll
[Hot Reload Live] 🔍 Old methods: 14 / New: 14
[Hot Reload Live] ✅ Patched: static BoundaryDemo.StaticGreet
[Hot Reload Live] ✅ Patched: static BoundaryDemo.StaticAdd
[Hot Reload Live] ✅ Patched: static BoundaryDemo.StaticOutTest
[Hot Reload Live] ✅ Patched: static BoundaryDemo.StaticOverload
[Hot Reload Live] ✅ Patched: static BoundaryDemo.StaticOverload
[Hot Reload Live] ✅ Generic BoundaryDemo.StaticGeneric`1 → 9 instantiations
[Hot Reload Live] ✅ Patched: instance BoundaryDemo.InstanceGreet
[Hot Reload Live] ✅ Patched: instance BoundaryDemo.InstanceAdd
[Hot Reload Live] ✅ Patched: instance BoundaryDemo.InstanceRefTest
[Hot Reload Live] ✅ Patched: instance BoundaryDemo._Process
Godot_v4.7.2-stable_mono_win64_console.exe : ERROR: [Hot Reload Live] ❌ Patch failed Set: Specified method is not suppo
rted.
At line:15 char:3097
+ ... pgrep\bin'; & "D:\Godot\Godot_v4.7.2-stable_mono_win64\Godot_v4.7.2-s ...
+                 ~~~~~~~~~~~~~~~~~~~~~~~~~~~~~~~~~~~~~~~~~~~~~~~~~~~~~~~~~
    + CategoryInfo          : NotSpecified: (ERROR: [Hot Rel... not supported.:String) [], RemoteException
    + FullyQualifiedErrorId : NativeCommandError
 
   at: void GodotHotReload.HotReloadRuntime.ApplyPatch(System.Reflection.Assembly) (res://src/HotReloadRuntime.cs:386)
   C# backtrace (most recent call first):
       [0] void Godot.GD.PushError(string) (/root/godot/modules/mono/glue/GodotSharp/GodotSharp/Core/GD.cs:366)
       [1] void GodotHotReload.HotReloadRuntime.ApplyPatch(System.Reflection.Assembly) (D:\GodotHotReload\src\HotReload
Runtime.cs:386)
       [2] void GodotHotReload.HotReloadRuntime.CompileLoadPatch() (D:\GodotHotReload\src\HotReloadRuntime.cs:265)
       [3] void GodotHotReload.HotReloadRuntime._Process(double) (D:\GodotHotReload\src\HotReloadRuntime.cs:169)
       [4] bool Godot.Node.InvokeGodotClassMethod(Godot.NativeInterop.godot_string_name&, Godot.NativeInterop.NativeVar
iantPtrArgs, Godot.NativeInterop.godot_variant&) (/root/godot/modules/mono/glue/GodotSharp/GodotSharp/Generated/GodotOb
jects/Node.cs:2654)
       [5] bool GodotHotReload.HotReloadRuntime.InvokeGodotClassMethod(Godot.NativeInterop.godot_string_name&, Godot.Na
tiveInterop.NativeVariantPtrArgs, Godot.NativeInterop.godot_variant&) (D:\GodotHotReload\.godot\mono\temp\obj\Debug\God
ot.SourceGenerators\Godot.SourceGenerators.ScriptMethodsGenerator\GodotHotReload.HotReloadRuntime_ScriptMethods.generat
ed.cs:110)
       [6] Godot.NativeInterop.godot_bool Godot.Bridge.CSharpInstanceBridge.Call(nint, Godot.NativeInterop.godot_string
_name*, Godot.NativeInterop.godot_variant**, int, Godot.NativeInterop.godot_variant_call_error*, Godot.NativeInterop.go
dot_variant*) (/root/godot/modules/mono/glue/GodotSharp/GodotSharp/Core/Bridge/CSharpInstanceBridge.cs:24)
[Hot Reload Live] ✅ Patched: instance Main._Ready
[Hot Reload Live] 🎉 v1: 11 new / 0 updated / 1 failed / 9 generic-instantiations
[Boundary] static void -> v2
[Boundary] static ret -> v2
[Boundary] static out -> v2
[Boundary] overload(string) -> v2
[Boundary] overload(int) -> v2
[Boundary] generic<String> -> v2, value=hello
[Boundary] generic<Int32> -> v2, value=99
[Boundary] instance void -> v2 (counter=116)
[Boundary] instance ret -> v2
  ref result: [Boundary] instance ref -> v2
[Boundary] async entry -> v2
[Boundary] iterator entry -> v2
  iterator value: 1
[Boundary] iterator after yield -> v2
  iterator value: 2
[Boundary] async after await -> v2
[Boundary] static void -> v2
[Boundary] static ret -> v2
[Boundary] static out -> v2
[Boundary] overload(string) -> v2
[Boundary] overload(int) -> v2
[Boundary] generic<String> -> v2, value=hello
[Boundary] generic<Int32> -> v2, value=99
[Boundary] instance void -> v2 (counter=117)
[Boundary] instance ret -> v2
  ref result: [Boundary] instance ref -> v2
[Boundary] async entry -> v2
[Boundary] iterator entry -> v2
  iterator value: 1
[Boundary] iterator after yield -> v2
  iterator value: 2
[Boundary] async after await -> v2
[Boundary] static void -> v2
[Boundary] static ret -> v2
[Boundary] static out -> v2
[Boundary] overload(string) -> v2
[Boundary] overload(int) -> v2
[Boundary] generic<String> -> v2, value=hello
[Boundary] generic<Int32> -> v2, value=99
[Boundary] instance void -> v2 (counter=118)
[Boundary] instance ret -> v2
  ref result: [Boundary] instance ref -> v2
[Boundary] async entry -> v2
[Boundary] iterator entry -> v2
  iterator value: 1
[Boundary] iterator after yield -> v2
  iterator value: 2
[Boundary] async after await -> v2
[Boundary] static void -> v2
[Boundary] static ret -> v2
[Boundary] static out -> v2
[Boundary] overload(string) -> v2
[Boundary] overload(int) -> v2
[Boundary] generic<String> -> v2, value=hello
[Boundary] generic<Int32> -> v2, value=99
[Boundary] instance void -> v2 (counter=119)
[Boundary] instance ret -> v2
  ref result: [Boundary] instance ref -> v2
[Boundary] async entry -> v2
[Boundary] iterator entry -> v2
  iterator value: 1
[Boundary] iterator after yield -> v2
  iterator value: 2
[Boundary] === Round=120: all calls completed ===
[Boundary] async after await -> v2
[Boundary] static void -> v2
[Boundary] static ret -> v2
[Boundary] static out -> v2
[Boundary] overload(string) -> v2
[Boundary] overload(int) -> v2
[Boundary] generic<String> -> v2, value=hello
[Boundary] generic<Int32> -> v2, value=99
[Boundary] instance void -> v2 (counter=120)
[Boundary] instance ret -> v2
  ref result: [Boundary] instance ref -> v2
[Boundary] async entry -> v2
[Boundary] iterator entry -> v2
  iterator value: 1
[Boundary] iterator after yield -> v2
  iterator value: 2
[Boundary] async after await -> v2
[Boundary] static void -> v2
[Boundary] static ret -> v2
[Boundary] static out -> v2
[Boundary] overload(string) -> v2
[Boundary] overload(int) -> v2
[Boundary] generic<String> -> v2, value=hello
[Boundary] generic<Int32> -> v2, value=99
[Boundary] instance void -> v2 (counter=121)
[Boundary] instance ret -> v2
  ref result: [Boundary] instance ref -> v2
[Boundary] async entry -> v2
[Boundary] iterator entry -> v2
  iterator value: 1
[Boundary] iterator after yield -> v2
  iterator value: 2
[Boundary] async after await -> v2
[Boundary] static void -> v2
[Boundary] static ret -> v2
[Boundary] static out -> v2
[Boundary] overload(string) -> v2
[Boundary] overload(int) -> v2
[Boundary] generic<String> -> v2, value=hello
[Boundary] generic<Int32> -> v2, value=99
[Boundary] instance void -> v2 (counter=122)
[Boundary] instance ret -> v2
  ref result: [Boundary] instance ref -> v2
[Boundary] async entry -> v2
[Boundary] iterator entry -> v2
  iterator value: 1
[Boundary] iterator after yield -> v2
  iterator value: 2
[Boundary] async after await -> v2
[Boundary] static void -> v2
[Boundary] static ret -> v2
[Boundary] static out -> v2
[Boundary] overload(string) -> v2
[Boundary] overload(int) -> v2
[Boundary] generic<String> -> v2, value=hello
[Boundary] generic<Int32> -> v2, value=99
[Boundary] instance void -> v2 (counter=123)
[Boundary] instance ret -> v2
  ref result: [Boundary] instance ref -> v2
[Boundary] async entry -> v2
[Boundary] iterator entry -> v2
  iterator value: 1
[Boundary] iterator after yield -> v2
  iterator value: 2
[Boundary] async after await -> v2
[Boundary] static void -> v2
[Boundary] static ret -> v2
[Boundary] static out -> v2
[Boundary] overload(string) -> v2
[Boundary] overload(int) -> v2
[Boundary] generic<String> -> v2, value=hello
[Boundary] generic<Int32> -> v2, value=99
[Boundary] instance void -> v2 (counter=124)
[Boundary] instance ret -> v2
  ref result: [Boundary] instance ref -> v2
[Boundary] async entry -> v2
[Boundary] iterator entry -> v2
  iterator value: 1
[Boundary] iterator after yield -> v2
  iterator value: 2
[Boundary] async after await -> v2
[Boundary] static void -> v2
[Boundary] static ret -> v2
[Boundary] static out -> v2
[Boundary] overload(string) -> v2
[Boundary] overload(int) -> v2
[Boundary] generic<String> -> v2, value=hello
[Boundary] generic<Int32> -> v2, value=99
[Boundary] instance void -> v2 (counter=125)
[Boundary] instance ret -> v2
  ref result: [Boundary] instance ref -> v2
[Boundary] async entry -> v2
[Boundary] iterator entry -> v2
  iterator value: 1
[Boundary] iterator after yield -> v2
  iterator value: 2
[Boundary] async after await -> v2
[Boundary] static void -> v2
[Boundary] static ret -> v2
[Boundary] static out -> v2
[Boundary] overload(string) -> v2
[Boundary] overload(int) -> v2
[Boundary] generic<String> -> v2, value=hello
[Boundary] generic<Int32> -> v2, value=99
[Boundary] instance void -> v2 (counter=126)
[Boundary] instance ret -> v2
  ref result: [Boundary] instance ref -> v2
[Boundary] async entry -> v2
[Boundary] iterator entry -> v2
  iterator value: 1
[Boundary] iterator after yield -> v2
  iterator value: 2
[Boundary] async after await -> v2
[Boundary] static void -> v2
[Boundary] static ret -> v2
[Boundary] static out -> v2
[Boundary] overload(string) -> v2
[Boundary] overload(int) -> v2
[Boundary] generic<String> -> v2, value=hello
[Boundary] generic<Int32> -> v2, value=99
[Boundary] instance void -> v2 (counter=127)
[Boundary] instance ret -> v2
  ref result: [Boundary] instance ref -> v2
[Boundary] async entry -> v2
[Boundary] iterator entry -> v2
  iterator value: 1
[Boundary] iterator after yield -> v2
  iterator value: 2
[Boundary] async after await -> v2
[Boundary] static void -> v2
[Boundary] static ret -> v2
[Boundary] static out -> v2
[Boundary] overload(string) -> v2
[Boundary] overload(int) -> v2
[Boundary] generic<String> -> v2, value=hello
[Boundary] generic<Int32> -> v2, value=99
[Boundary] instance void -> v2 (counter=128)
[Boundary] instance ret -> v2
  ref result: [Boundary] instance ref -> v2
[Boundary] async entry -> v2
[Boundary] iterator entry -> v2
  iterator value: 1
[Boundary] iterator after yield -> v2
  iterator value: 2
[Boundary] async after await -> v2
[Boundary] static void -> v2
[Boundary] static ret -> v2
[Boundary] static out -> v2
[Boundary] overload(string) -> v2
[Boundary] overload(int) -> v2
[Boundary] generic<String> -> v2, value=hello
[Boundary] generic<Int32> -> v2, value=99
[Boundary] instance void -> v2 (counter=129)
[Boundary] instance ret -> v2
  ref result: [Boundary] instance ref -> v2
[Boundary] async entry -> v2
[Boundary] iterator entry -> v2
  iterator value: 1
[Boundary] iterator after yield -> v2
  iterator value: 2
[Boundary] === Round=130: all calls completed ===
[Boundary] async after await -> v2
[Boundary] static void -> v2
[Boundary] static ret -> v2
[Boundary] static out -> v2
[Boundary] overload(string) -> v2
[Boundary] overload(int) -> v2
[Boundary] generic<String> -> v2, value=hello
[Boundary] generic<Int32> -> v2, value=99
[Boundary] instance void -> v2 (counter=130)
[Boundary] instance ret -> v2
  ref result: [Boundary] instance ref -> v2
[Boundary] async entry -> v2
[Boundary] iterator entry -> v2
  iterator value: 1
[Boundary] iterator after yield -> v2
  iterator value: 2
[Boundary] async after await -> v2
[Boundary] static void -> v2
[Boundary] static ret -> v2
[Boundary] static out -> v2
[Boundary] overload(string) -> v2
[Boundary] overload(int) -> v2
[Boundary] generic<String> -> v2, value=hello
[Boundary] generic<Int32> -> v2, value=99
[Boundary] instance void -> v2 (counter=131)
[Boundary] instance ret -> v2
  ref result: [Boundary] instance ref -> v2
[Boundary] async entry -> v2
[Boundary] iterator entry -> v2
  iterator value: 1
[Boundary] iterator after yield -> v2
  iterator value: 2
[Boundary] async after await -> v2
[Boundary] static void -> v2
[Boundary] static ret -> v2
[Boundary] static out -> v2
[Boundary] overload(string) -> v2
[Boundary] overload(int) -> v2
[Boundary] generic<String> -> v2, value=hello
[Boundary] generic<Int32> -> v2, value=99
[Boundary] instance void -> v2 (counter=132)
[Boundary] instance ret -> v2
  ref result: [Boundary] instance ref -> v2
[Boundary] async entry -> v2
[Boundary] iterator entry -> v2
  iterator value: 1
[Boundary] iterator after yield -> v2
  iterator value: 2
[Boundary] async after await -> v2
[Boundary] static void -> v2
[Boundary] static ret -> v2
[Boundary] static out -> v2
[Boundary] overload(string) -> v2
[Boundary] overload(int) -> v2
[Boundary] generic<String> -> v2, value=hello
[Boundary] generic<Int32> -> v2, value=99
[Boundary] instance void -> v2 (counter=133)
[Boundary] instance ret -> v2
  ref result: [Boundary] instance ref -> v2
[Boundary] async entry -> v2
[Boundary] iterator entry -> v2
  iterator value: 1
[Boundary] iterator after yield -> v2
  iterator value: 2
[Boundary] async after await -> v2
[Boundary] static void -> v2
[Boundary] static ret -> v2
[Boundary] static out -> v2
[Boundary] overload(string) -> v2
[Boundary] overload(int) -> v2
[Boundary] generic<String> -> v2, value=hello
[Boundary] generic<Int32> -> v2, value=99
[Boundary] instance void -> v2 (counter=134)
[Boundary] instance ret -> v2
  ref result: [Boundary] instance ref -> v2
[Boundary] async entry -> v2
[Boundary] iterator entry -> v2
  iterator value: 1
[Boundary] iterator after yield -> v2
  iterator value: 2
[Boundary] async after await -> v2
[Boundary] static void -> v2
[Boundary] static ret -> v2
[Boundary] static out -> v2
[Boundary] overload(string) -> v2
[Boundary] overload(int) -> v2
[Boundary] generic<String> -> v2, value=hello
[Boundary] generic<Int32> -> v2, value=99
[Boundary] instance void -> v2 (counter=135)
[Boundary] instance ret -> v2
  ref result: [Boundary] instance ref -> v2
[Boundary] async entry -> v2
[Boundary] iterator entry -> v2
  iterator value: 1
[Boundary] iterator after yield -> v2
  iterator value: 2
[Boundary] async after await -> v2
[Boundary] static void -> v2
[Boundary] static ret -> v2
[Boundary] static out -> v2
[Boundary] overload(string) -> v2
[Boundary] overload(int) -> v2
[Boundary] generic<String> -> v2, value=hello
[Boundary] generic<Int32> -> v2, value=99
[Boundary] instance void -> v2 (counter=136)
[Boundary] instance ret -> v2
  ref result: [Boundary] instance ref -> v2
[Boundary] async entry -> v2
[Boundary] iterator entry -> v2
  iterator value: 1
[Boundary] iterator after yield -> v2
  iterator value: 2
[Boundary] async after await -> v2
[Boundary] static void -> v2
[Boundary] static ret -> v2
[Boundary] static out -> v2
[Boundary] overload(string) -> v2
[Boundary] overload(int) -> v2
[Boundary] generic<String> -> v2, value=hello
[Boundary] generic<Int32> -> v2, value=99
[Boundary] instance void -> v2 (counter=137)
[Boundary] instance ret -> v2
  ref result: [Boundary] instance ref -> v2
[Boundary] async entry -> v2
[Boundary] iterator entry -> v2
  iterator value: 1
[Boundary] iterator after yield -> v2
  iterator value: 2
[Boundary] async after await -> v2
[Boundary] static void -> v2
[Boundary] static ret -> v2
[Boundary] static out -> v2
[Boundary] overload(string) -> v2
[Boundary] overload(int) -> v2
[Boundary] generic<String> -> v2, value=hello
[Boundary] generic<Int32> -> v2, value=99
[Boundary] instance void -> v2 (counter=138)
[Boundary] instance ret -> v2
  ref result: [Boundary] instance ref -> v2
[Boundary] async entry -> v2
[Boundary] iterator entry -> v2
  iterator value: 1
[Boundary] iterator after yield -> v2
  iterator value: 2
[Boundary] async after await -> v2
[Boundary] static void -> v2
[Boundary] static ret -> v2
[Boundary] static out -> v2
[Boundary] overload(string) -> v2
[Boundary] overload(int) -> v2
[Boundary] generic<String> -> v2, value=hello
[Boundary] generic<Int32> -> v2, value=99
[Boundary] instance void -> v2 (counter=139)
[Boundary] instance ret -> v2
  ref result: [Boundary] instance ref -> v2
[Boundary] async entry -> v2
[Boundary] iterator entry -> v2
  iterator value: 1
[Boundary] iterator after yield -> v2
  iterator value: 2
[Boundary] === Round=140: all calls completed ===
[Boundary] async after await -> v2
[Boundary] static void -> v2
[Boundary] static ret -> v2
[Boundary] static out -> v2
[Boundary] overload(string) -> v2
[Boundary] overload(int) -> v2
[Boundary] generic<String> -> v2, value=hello
[Boundary] generic<Int32> -> v2, value=99
[Boundary] instance void -> v2 (counter=140)
[Boundary] instance ret -> v2
  ref result: [Boundary] instance ref -> v2
[Boundary] async entry -> v2
[Boundary] iterator entry -> v2
  iterator value: 1
[Boundary] iterator after yield -> v2
  iterator value: 2
[Boundary] async after await -> v2
[Boundary] static void -> v2
[Boundary] static ret -> v2
[Boundary] static out -> v2
[Boundary] overload(string) -> v2
[Boundary] overload(int) -> v2
[Boundary] generic<String> -> v2, value=hello
[Boundary] generic<Int32> -> v2, value=99
[Boundary] instance void -> v2 (counter=141)
[Boundary] instance ret -> v2
  ref result: [Boundary] instance ref -> v2
[Boundary] async entry -> v2
[Boundary] iterator entry -> v2
  iterator value: 1
[Boundary] iterator after yield -> v2
  iterator value: 2
[Boundary] async after await -> v2
[Boundary] static void -> v2
[Boundary] static ret -> v2
[Boundary] static out -> v2
[Boundary] overload(string) -> v2
[Boundary] overload(int) -> v2
[Boundary] generic<String> -> v2, value=hello
[Boundary] generic<Int32> -> v2, value=99
[Boundary] instance void -> v2 (counter=142)
[Boundary] instance ret -> v2
  ref result: [Boundary] instance ref -> v2
[Boundary] async entry -> v2
[Boundary] iterator entry -> v2
  iterator value: 1
[Boundary] iterator after yield -> v2
  iterator value: 2
[Boundary] async after await -> v2
[Boundary] static void -> v2
[Boundary] static ret -> v2
[Boundary] static out -> v2
[Boundary] overload(string) -> v2
[Boundary] overload(int) -> v2
[Boundary] generic<String> -> v2, value=hello
[Boundary] generic<Int32> -> v2, value=99
[Boundary] instance void -> v2 (counter=143)
[Boundary] instance ret -> v2
  ref result: [Boundary] instance ref -> v2
[Boundary] async entry -> v2
[Boundary] iterator entry -> v2
  iterator value: 1
[Boundary] iterator after yield -> v2
  iterator value: 2
[Boundary] async after await -> v2
[Boundary] static void -> v2
[Boundary] static ret -> v2
[Boundary] static out -> v2
[Boundary] overload(string) -> v2
[Boundary] overload(int) -> v2
[Boundary] generic<String> -> v2, value=hello
[Boundary] generic<Int32> -> v2, value=99
[Boundary] instance void -> v2 (counter=144)
[Boundary] instance ret -> v2
  ref result: [Boundary] instance ref -> v2
[Boundary] async entry -> v2
[Boundary] iterator entry -> v2
  iterator value: 1
[Boundary] iterator after yield -> v2
  iterator value: 2
[Boundary] async after await -> v2
[Boundary] static void -> v2
[Boundary] static ret -> v2
[Boundary] static out -> v2
[Boundary] overload(string) -> v2
[Boundary] overload(int) -> v2
[Boundary] generic<String> -> v2, value=hello
[Boundary] generic<Int32> -> v2, value=99
[Boundary] instance void -> v2 (counter=145)
[Boundary] instance ret -> v2
  ref result: [Boundary] instance ref -> v2
[Boundary] async entry -> v2
[Boundary] iterator entry -> v2
  iterator value: 1
[Boundary] iterator after yield -> v2
  iterator value: 2
[Boundary] async after await -> v2
[Boundary] static void -> v2
[Boundary] static ret -> v2
[Boundary] static out -> v2
[Boundary] overload(string) -> v2
[Boundary] overload(int) -> v2
[Boundary] generic<String> -> v2, value=hello
[Boundary] generic<Int32> -> v2, value=99
[Boundary] instance void -> v2 (counter=146)
[Boundary] instance ret -> v2
  ref result: [Boundary] instance ref -> v2
[Boundary] async entry -> v2
[Boundary] iterator entry -> v2
  iterator value: 1
[Boundary] iterator after yield -> v2
  iterator value: 2
[Boundary] async after await -> v2
[Boundary] static void -> v2
[Boundary] static ret -> v2
[Boundary] static out -> v2
[Boundary] overload(string) -> v2
[Boundary] overload(int) -> v2
[Boundary] generic<String> -> v2, value=hello
[Boundary] generic<Int32> -> v2, value=99
[Boundary] instance void -> v2 (counter=147)
[Boundary] instance ret -> v2
  ref result: [Boundary] instance ref -> v2
[Boundary] async entry -> v2
[Boundary] iterator entry -> v2
  iterator value: 1
[Boundary] iterator after yield -> v2
  iterator value: 2
[Boundary] async after await -> v2
[Boundary] static void -> v2
[Boundary] static ret -> v2
[Boundary] static out -> v2
[Boundary] overload(string) -> v2
[Boundary] overload(int) -> v2
[Boundary] generic<String> -> v2, value=hello
[Boundary] generic<Int32> -> v2, value=99
[Boundary] instance void -> v2 (counter=148)
[Boundary] instance ret -> v2
  ref result: [Boundary] instance ref -> v2
[Boundary] async entry -> v2
[Boundary] iterator entry -> v2
  iterator value: 1
[Boundary] iterator after yield -> v2
  iterator value: 2
[Boundary] async after await -> v2
[Boundary] static void -> v2
[Boundary] static ret -> v2
[Boundary] static out -> v2
[Boundary] overload(string) -> v2
[Boundary] overload(int) -> v2
[Boundary] generic<String> -> v2, value=hello
[Boundary] generic<Int32> -> v2, value=99
[Boundary] instance void -> v2 (counter=149)
[Boundary] instance ret -> v2
  ref result: [Boundary] instance ref -> v2
[Boundary] async entry -> v2
[Boundary] iterator entry -> v2
  iterator value: 1
[Boundary] iterator after yield -> v2
  iterator value: 2
[Boundary] === Round=150: all calls completed ===
[Boundary] async after await -> v2
[Boundary] static void -> v2
[Boundary] static ret -> v2
[Boundary] static out -> v2
[Boundary] overload(string) -> v2
[Boundary] overload(int) -> v2
[Boundary] generic<String> -> v2, value=hello
[Boundary] generic<Int32> -> v2, value=99
[Boundary] instance void -> v2 (counter=150)
[Boundary] instance ret -> v2
  ref result: [Boundary] instance ref -> v2
[Boundary] async entry -> v2
[Boundary] iterator entry -> v2
  iterator value: 1
[Boundary] iterator after yield -> v2
  iterator value: 2
[Boundary] async after await -> v2
[Boundary] static void -> v2
[Boundary] static ret -> v2
[Boundary] static out -> v2
[Boundary] overload(string) -> v2
[Boundary] overload(int) -> v2
[Boundary] generic<String> -> v2, value=hello
[Boundary] generic<Int32> -> v2, value=99
[Boundary] instance void -> v2 (counter=151)
[Boundary] instance ret -> v2
  ref result: [Boundary] instance ref -> v2
[Boundary] async entry -> v2
[Boundary] iterator entry -> v2
  iterator value: 1
[Boundary] iterator after yield -> v2
  iterator value: 2
[Boundary] async after await -> v2
[Boundary] static void -> v2
[Boundary] static ret -> v2
[Boundary] static out -> v2
[Boundary] overload(string) -> v2
[Boundary] overload(int) -> v2
[Boundary] generic<String> -> v2, value=hello
[Boundary] generic<Int32> -> v2, value=99
[Boundary] instance void -> v2 (counter=152)
[Boundary] instance ret -> v2
  ref result: [Boundary] instance ref -> v2
[Boundary] async entry -> v2
[Boundary] iterator entry -> v2
  iterator value: 1
[Boundary] iterator after yield -> v2
  iterator value: 2
[Boundary] async after await -> v2
[Boundary] static void -> v2
[Boundary] static ret -> v2
[Boundary] static out -> v2
[Boundary] overload(string) -> v2
[Boundary] overload(int) -> v2
[Boundary] generic<String> -> v2, value=hello
[Boundary] generic<Int32> -> v2, value=99
[Boundary] instance void -> v2 (counter=153)
[Boundary] instance ret -> v2
  ref result: [Boundary] instance ref -> v2
[Boundary] async entry -> v2
[Boundary] iterator entry -> v2
  iterator value: 1
[Boundary] iterator after yield -> v2
  iterator value: 2
[Boundary] async after await -> v2
[Boundary] static void -> v2
[Boundary] static ret -> v2
[Boundary] static out -> v2
[Boundary] overload(string) -> v2
[Boundary] overload(int) -> v2
[Boundary] generic<String> -> v2, value=hello
[Boundary] generic<Int32> -> v2, value=99
[Boundary] instance void -> v2 (counter=154)
[Boundary] instance ret -> v2
  ref result: [Boundary] instance ref -> v2
[Boundary] async entry -> v2
[Boundary] iterator entry -> v2
  iterator value: 1
[Boundary] iterator after yield -> v2
  iterator value: 2
[Boundary] async after await -> v2
[Boundary] static void -> v2
[Boundary] static ret -> v2
[Boundary] static out -> v2
[Boundary] overload(string) -> v2
[Boundary] overload(int) -> v2
[Boundary] generic<String> -> v2, value=hello
[Boundary] generic<Int32> -> v2, value=99
[Boundary] instance void -> v2 (counter=155)
[Boundary] instance ret -> v2
  ref result: [Boundary] instance ref -> v2
[Boundary] async entry -> v2
[Boundary] iterator entry -> v2
  iterator value: 1
[Boundary] iterator after yield -> v2
  iterator value: 2
[Boundary] async after await -> v2
[Boundary] static void -> v2
[Boundary] static ret -> v2
[Boundary] static out -> v2
[Boundary] overload(string) -> v2
[Boundary] overload(int) -> v2
[Boundary] generic<String> -> v2, value=hello
[Boundary] generic<Int32> -> v2, value=99
[Boundary] instance void -> v2 (counter=156)
[Boundary] instance ret -> v2
  ref result: [Boundary] instance ref -> v2
[Boundary] async entry -> v2
[Boundary] iterator entry -> v2
  iterator value: 1
[Boundary] iterator after yield -> v2
  iterator value: 2
[Boundary] async after await -> v2
[Boundary] static void -> v2
[Boundary] static ret -> v2
[Boundary] static out -> v2
[Boundary] overload(string) -> v2
[Boundary] overload(int) -> v2
[Boundary] generic<String> -> v2, value=hello
[Boundary] generic<Int32> -> v2, value=99
[Boundary] instance void -> v2 (counter=157)
[Boundary] instance ret -> v2
  ref result: [Boundary] instance ref -> v2
[Boundary] async entry -> v2
[Boundary] iterator entry -> v2
  iterator value: 1
[Boundary] iterator after yield -> v2
  iterator value: 2
[Boundary] async after await -> v2
[Boundary] static void -> v2
[Boundary] static ret -> v2
[Boundary] static out -> v2
[Boundary] overload(string) -> v2
[Boundary] overload(int) -> v2
[Boundary] generic<String> -> v2, value=hello
[Boundary] generic<Int32> -> v2, value=99
[Boundary] instance void -> v2 (counter=158)
[Boundary] instance ret -> v2
  ref result: [Boundary] instance ref -> v2
[Boundary] async entry -> v2
[Boundary] iterator entry -> v2
  iterator value: 1
[Boundary] iterator after yield -> v2
  iterator value: 2
[Boundary] async after await -> v2
[Boundary] static void -> v2
[Boundary] static ret -> v2
[Boundary] static out -> v2
[Boundary] overload(string) -> v2
[Boundary] overload(int) -> v2
[Boundary] generic<String> -> v2, value=hello
[Boundary] generic<Int32> -> v2, value=99
[Boundary] instance void -> v2 (counter=159)
[Boundary] instance ret -> v2
  ref result: [Boundary] instance ref -> v2
[Boundary] async entry -> v2
[Boundary] iterator entry -> v2
  iterator value: 1
[Boundary] iterator after yield -> v2
  iterator value: 2
[Boundary] === Round=160: all calls completed ===
[Boundary] async after await -> v2
[Boundary] static void -> v2
[Boundary] static ret -> v2
[Boundary] static out -> v2
[Boundary] overload(string) -> v2
[Boundary] overload(int) -> v2
[Boundary] generic<String> -> v2, value=hello
[Boundary] generic<Int32> -> v2, value=99
[Boundary] instance void -> v2 (counter=160)
[Boundary] instance ret -> v2
  ref result: [Boundary] instance ref -> v2
[Boundary] async entry -> v2
[Boundary] iterator entry -> v2
  iterator value: 1
[Boundary] iterator after yield -> v2
  iterator value: 2
[Boundary] async after await -> v2
[Boundary] static void -> v2
[Boundary] static ret -> v2
[Boundary] static out -> v2
[Boundary] overload(string) -> v2
[Boundary] overload(int) -> v2
[Boundary] generic<String> -> v2, value=hello
[Boundary] generic<Int32> -> v2, value=99
[Boundary] instance void -> v2 (counter=161)
[Boundary] instance ret -> v2
  ref result: [Boundary] instance ref -> v2
[Boundary] async entry -> v2
[Boundary] iterator entry -> v2
  iterator value: 1
[Boundary] iterator after yield -> v2
  iterator value: 2
[Boundary] async after await -> v2
[Boundary] static void -> v2
[Boundary] static ret -> v2
[Boundary] static out -> v2
[Boundary] overload(string) -> v2
[Boundary] overload(int) -> v2
[Boundary] generic<String> -> v2, value=hello
[Boundary] generic<Int32> -> v2, value=99
[Boundary] instance void -> v2 (counter=162)
[Boundary] instance ret -> v2
  ref result: [Boundary] instance ref -> v2
[Boundary] async entry -> v2
[Boundary] iterator entry -> v2
  iterator value: 1
[Boundary] iterator after yield -> v2
  iterator value: 2
[Boundary] async after await -> v2
[Boundary] static void -> v2
[Boundary] static ret -> v2
[Boundary] static out -> v2
[Boundary] overload(string) -> v2
[Boundary] overload(int) -> v2
[Boundary] generic<String> -> v2, value=hello
[Boundary] generic<Int32> -> v2, value=99
[Boundary] instance void -> v2 (counter=163)
[Boundary] instance ret -> v2
  ref result: [Boundary] instance ref -> v2
[Boundary] async entry -> v2
[Boundary] iterator entry -> v2
  iterator value: 1
[Boundary] iterator after yield -> v2
  iterator value: 2
[Boundary] async after await -> v2
[Boundary] static void -> v2
[Boundary] static ret -> v2
[Boundary] static out -> v2
[Boundary] overload(string) -> v2
[Boundary] overload(int) -> v2
[Boundary] generic<String> -> v2, value=hello
[Boundary] generic<Int32> -> v2, value=99
[Boundary] instance void -> v2 (counter=164)
[Boundary] instance ret -> v2
  ref result: [Boundary] instance ref -> v2
[Boundary] async entry -> v2
[Boundary] iterator entry -> v2
  iterator value: 1
[Boundary] iterator after yield -> v2
  iterator value: 2
[Boundary] async after await -> v2
[Boundary] static void -> v2
[Boundary] static ret -> v2
[Boundary] static out -> v2
[Boundary] overload(string) -> v2
[Boundary] overload(int) -> v2
[Boundary] generic<String> -> v2, value=hello
[Boundary] generic<Int32> -> v2, value=99
[Boundary] instance void -> v2 (counter=165)
[Boundary] instance ret -> v2
  ref result: [Boundary] instance ref -> v2
[Boundary] async entry -> v2
[Boundary] iterator entry -> v2
  iterator value: 1
[Boundary] iterator after yield -> v2
  iterator value: 2
[Boundary] async after await -> v2
[Boundary] static void -> v2
[Boundary] static ret -> v2
[Boundary] static out -> v2
[Boundary] overload(string) -> v2
[Boundary] overload(int) -> v2
[Boundary] generic<String> -> v2, value=hello
[Boundary] generic<Int32> -> v2, value=99
[Boundary] instance void -> v2 (counter=166)
[Boundary] instance ret -> v2
  ref result: [Boundary] instance ref -> v2
[Boundary] async entry -> v2
[Boundary] iterator entry -> v2
  iterator value: 1
[Boundary] iterator after yield -> v2
  iterator value: 2
[Boundary] async after await -> v2
[Boundary] static void -> v2
[Boundary] static ret -> v2
[Boundary] static out -> v2
[Boundary] overload(string) -> v2
[Boundary] overload(int) -> v2
[Boundary] generic<String> -> v2, value=hello
[Boundary] generic<Int32> -> v2, value=99
[Boundary] instance void -> v2 (counter=167)
[Boundary] instance ret -> v2
  ref result: [Boundary] instance ref -> v2
[Boundary] async entry -> v2
[Boundary] iterator entry -> v2
  iterator value: 1
[Boundary] iterator after yield -> v2
  iterator value: 2
[Boundary] async after await -> v2
[Boundary] static void -> v2
[Boundary] static ret -> v2
[Boundary] static out -> v2
[Boundary] overload(string) -> v2
[Boundary] overload(int) -> v2
[Boundary] generic<String> -> v2, value=hello
[Boundary] generic<Int32> -> v2, value=99
[Boundary] instance void -> v2 (counter=168)
[Boundary] instance ret -> v2
  ref result: [Boundary] instance ref -> v2
[Boundary] async entry -> v2
[Boundary] iterator entry -> v2
  iterator value: 1
[Boundary] iterator after yield -> v2
  iterator value: 2
[Boundary] async after await -> v2
[Boundary] static void -> v2
[Boundary] static ret -> v2
[Boundary] static out -> v2
[Boundary] overload(string) -> v2
[Boundary] overload(int) -> v2
[Boundary] generic<String> -> v2, value=hello
[Boundary] generic<Int32> -> v2, value=99
[Boundary] instance void -> v2 (counter=169)
[Boundary] instance ret -> v2
  ref result: [Boundary] instance ref -> v2
[Boundary] async entry -> v2
[Boundary] iterator entry -> v2
  iterator value: 1
[Boundary] iterator after yield -> v2
  iterator value: 2
[Boundary] === Round=170: all calls completed ===
[Boundary] async after await -> v2
[Boundary] static void -> v2
[Boundary] static ret -> v2
[Boundary] static out -> v2
[Boundary] overload(string) -> v2
[Boundary] overload(int) -> v2
[Boundary] generic<String> -> v2, value=hello
[Boundary] generic<Int32> -> v2, value=99
[Boundary] instance void -> v2 (counter=170)
[Boundary] instance ret -> v2
  ref result: [Boundary] instance ref -> v2
[Boundary] async entry -> v2
[Boundary] iterator entry -> v2
  iterator value: 1
[Boundary] iterator after yield -> v2
  iterator value: 2
[Boundary] async after await -> v2
[Boundary] static void -> v2
[Boundary] static ret -> v2
[Boundary] static out -> v2
[Boundary] overload(string) -> v2
[Boundary] overload(int) -> v2
[Boundary] generic<String> -> v2, value=hello
[Boundary] generic<Int32> -> v2, value=99
[Boundary] instance void -> v2 (counter=171)
[Boundary] instance ret -> v2
  ref result: [Boundary] instance ref -> v2
[Boundary] async entry -> v2
[Boundary] iterator entry -> v2
  iterator value: 1
[Boundary] iterator after yield -> v2
  iterator value: 2
[Boundary] async after await -> v2
[Boundary] static void -> v2
[Boundary] static ret -> v2
[Boundary] static out -> v2
[Boundary] overload(string) -> v2
[Boundary] overload(int) -> v2
[Boundary] generic<String> -> v2, value=hello
[Boundary] generic<Int32> -> v2, value=99
[Boundary] instance void -> v2 (counter=172)
[Boundary] instance ret -> v2
  ref result: [Boundary] instance ref -> v2
[Boundary] async entry -> v2
[Boundary] iterator entry -> v2
  iterator value: 1
[Boundary] iterator after yield -> v2
  iterator value: 2
[Boundary] async after await -> v2
[Boundary] static void -> v2
[Boundary] static ret -> v2
[Boundary] static out -> v2
[Boundary] overload(string) -> v2
[Boundary] overload(int) -> v2
[Boundary] generic<String> -> v2, value=hello
[Boundary] generic<Int32> -> v2, value=99
[Boundary] instance void -> v2 (counter=173)
[Boundary] instance ret -> v2
  ref result: [Boundary] instance ref -> v2
[Boundary] async entry -> v2
[Boundary] iterator entry -> v2
  iterator value: 1
[Boundary] iterator after yield -> v2
  iterator value: 2
[Boundary] async after await -> v2
[Boundary] static void -> v2
[Boundary] static ret -> v2
[Boundary] static out -> v2
[Boundary] overload(string) -> v2
[Boundary] overload(int) -> v2
[Boundary] generic<String> -> v2, value=hello
[Boundary] generic<Int32> -> v2, value=99
[Boundary] instance void -> v2 (counter=174)
[Boundary] instance ret -> v2
  ref result: [Boundary] instance ref -> v2
[Boundary] async entry -> v2
[Boundary] iterator entry -> v2
  iterator value: 1
[Boundary] iterator after yield -> v2
  iterator value: 2
[Boundary] async after await -> v2
[Boundary] static void -> v2
[Boundary] static ret -> v2
[Boundary] static out -> v2
[Boundary] overload(string) -> v2
[Boundary] overload(int) -> v2
[Boundary] generic<String> -> v2, value=hello
[Boundary] generic<Int32> -> v2, value=99
[Boundary] instance void -> v2 (counter=175)
[Boundary] instance ret -> v2
  ref result: [Boundary] instance ref -> v2
[Boundary] async entry -> v2
[Boundary] iterator entry -> v2
  iterator value: 1
[Boundary] iterator after yield -> v2
  iterator value: 2
[Boundary] async after await -> v2
[Boundary] static void -> v2
[Boundary] static ret -> v2
[Boundary] static out -> v2
[Boundary] overload(string) -> v2
[Boundary] overload(int) -> v2
[Boundary] generic<String> -> v2, value=hello
[Boundary] generic<Int32> -> v2, value=99
[Boundary] instance void -> v2 (counter=176)
[Boundary] instance ret -> v2
  ref result: [Boundary] instance ref -> v2
[Boundary] async entry -> v2
[Boundary] iterator entry -> v2
  iterator value: 1
[Boundary] iterator after yield -> v2
  iterator value: 2
[Boundary] async after await -> v2
[Boundary] static void -> v2
[Boundary] static ret -> v2
[Boundary] static out -> v2
[Boundary] overload(string) -> v2
[Boundary] overload(int) -> v2
[Boundary] generic<String> -> v2, value=hello
[Boundary] generic<Int32> -> v2, value=99
[Boundary] instance void -> v2 (counter=177)
[Boundary] instance ret -> v2
  ref result: [Boundary] instance ref -> v2
[Boundary] async entry -> v2
[Boundary] iterator entry -> v2
  iterator value: 1
[Boundary] iterator after yield -> v2
  iterator value: 2
[Boundary] async after await -> v2
[Boundary] static void -> v2
[Boundary] static ret -> v2
[Boundary] static out -> v2
[Boundary] overload(string) -> v2
[Boundary] overload(int) -> v2
[Boundary] generic<String> -> v2, value=hello
[Boundary] generic<Int32> -> v2, value=99
[Boundary] instance void -> v2 (counter=178)
[Boundary] instance ret -> v2
  ref result: [Boundary] instance ref -> v2
[Boundary] async entry -> v2
[Boundary] iterator entry -> v2
  iterator value: 1
[Boundary] iterator after yield -> v2
  iterator value: 2
[Boundary] async after await -> v2
[Boundary] static void -> v2
[Boundary] static ret -> v2
[Boundary] static out -> v2
[Boundary] overload(string) -> v2
[Boundary] overload(int) -> v2
[Boundary] generic<String> -> v2, value=hello
[Boundary] generic<Int32> -> v2, value=99
[Boundary] instance void -> v2 (counter=179)
[Boundary] instance ret -> v2
  ref result: [Boundary] instance ref -> v2
[Boundary] async entry -> v2
[Boundary] iterator entry -> v2
  iterator value: 1
[Boundary] iterator after yield -> v2
  iterator value: 2
[Boundary] === Round=180: all calls completed ===
[Boundary] async after await -> v2
[Boundary] static void -> v2
[Boundary] static ret -> v2
[Boundary] static out -> v2
[Boundary] overload(string) -> v2
[Boundary] overload(int) -> v2
[Boundary] generic<String> -> v2, value=hello
[Boundary] generic<Int32> -> v2, value=99
[Boundary] instance void -> v2 (counter=180)
[Boundary] instance ret -> v2
  ref result: [Boundary] instance ref -> v2
[Boundary] async entry -> v2
[Boundary] iterator entry -> v2
  iterator value: 1
[Boundary] iterator after yield -> v2
  iterator value: 2
[Boundary] async after await -> v2
[Boundary] static void -> v2
[Boundary] static ret -> v2
[Boundary] static out -> v2
[Boundary] overload(string) -> v2
[Boundary] overload(int) -> v2
[Boundary] generic<String> -> v2, value=hello
[Boundary] generic<Int32> -> v2, value=99
[Boundary] instance void -> v2 (counter=181)
[Boundary] instance ret -> v2
  ref result: [Boundary] instance ref -> v2
[Boundary] async entry -> v2
[Boundary] iterator entry -> v2
  iterator value: 1
[Boundary] iterator after yield -> v2
  iterator value: 2
[Boundary] async after await -> v2
[Boundary] static void -> v2
[Boundary] static ret -> v2
[Boundary] static out -> v2
[Boundary] overload(string) -> v2
[Boundary] overload(int) -> v2
[Boundary] generic<String> -> v2, value=hello
[Boundary] generic<Int32> -> v2, value=99
[Boundary] instance void -> v2 (counter=182)
[Boundary] instance ret -> v2
  ref result: [Boundary] instance ref -> v2
[Boundary] async entry -> v2
[Boundary] iterator entry -> v2
  iterator value: 1
[Boundary] iterator after yield -> v2
  iterator value: 2
[Boundary] async after await -> v2
[Boundary] static void -> v2
[Boundary] static ret -> v2
[Boundary] static out -> v2
[Boundary] overload(string) -> v2
[Boundary] overload(int) -> v2
[Boundary] generic<String> -> v2, value=hello
[Boundary] generic<Int32> -> v2, value=99
[Boundary] instance void -> v2 (counter=183)
[Boundary] instance ret -> v2
  ref result: [Boundary] instance ref -> v2
[Boundary] async entry -> v2
[Boundary] iterator entry -> v2
  iterator value: 1
[Boundary] iterator after yield -> v2
  iterator value: 2
[Boundary] async after await -> v2
[Boundary] static void -> v2
[Boundary] static ret -> v2
[Boundary] static out -> v2
[Boundary] overload(string) -> v2
[Boundary] overload(int) -> v2
[Boundary] generic<String> -> v2, value=hello
[Boundary] generic<Int32> -> v2, value=99
[Boundary] instance void -> v2 (counter=184)
[Boundary] instance ret -> v2
  ref result: [Boundary] instance ref -> v2
[Boundary] async entry -> v2
[Boundary] iterator entry -> v2
  iterator value: 1
[Boundary] iterator after yield -> v2
  iterator value: 2
[Boundary] async after await -> v2
[Boundary] static void -> v2
[Boundary] static ret -> v2
[Boundary] static out -> v2
[Boundary] overload(string) -> v2
[Boundary] overload(int) -> v2
[Boundary] generic<String> -> v2, value=hello
[Boundary] generic<Int32> -> v2, value=99
[Boundary] instance void -> v2 (counter=185)
[Boundary] instance ret -> v2
  ref result: [Boundary] instance ref -> v2
[Boundary] async entry -> v2
[Boundary] iterator entry -> v2
  iterator value: 1
[Boundary] iterator after yield -> v2
  iterator value: 2
[Boundary] async after await -> v2
[Boundary] static void -> v2
[Boundary] static ret -> v2
[Boundary] static out -> v2
[Boundary] overload(string) -> v2
[Boundary] overload(int) -> v2
[Boundary] generic<String> -> v2, value=hello
[Boundary] generic<Int32> -> v2, value=99
[Boundary] instance void -> v2 (counter=186)
[Boundary] instance ret -> v2
  ref result: [Boundary] instance ref -> v2
[Boundary] async entry -> v2
[Boundary] iterator entry -> v2
  iterator value: 1
[Boundary] iterator after yield -> v2
  iterator value: 2
[Boundary] async after await -> v2
[Boundary] static void -> v2
[Boundary] static ret -> v2
[Boundary] static out -> v2
[Boundary] overload(string) -> v2
[Boundary] overload(int) -> v2
[Boundary] generic<String> -> v2, value=hello
[Boundary] generic<Int32> -> v2, value=99
[Boundary] instance void -> v2 (counter=187)
[Boundary] instance ret -> v2
  ref result: [Boundary] instance ref -> v2
[Boundary] async entry -> v2
[Boundary] iterator entry -> v2
  iterator value: 1
[Boundary] iterator after yield -> v2
  iterator value: 2
[Boundary] async after await -> v2
[Boundary] static void -> v2
[Boundary] static ret -> v2
[Boundary] static out -> v2
[Boundary] overload(string) -> v2
[Boundary] overload(int) -> v2
[Boundary] generic<String> -> v2, value=hello
[Boundary] generic<Int32> -> v2, value=99
[Boundary] instance void -> v2 (counter=188)
[Boundary] instance ret -> v2
  ref result: [Boundary] instance ref -> v2
[Boundary] async entry -> v2
[Boundary] iterator entry -> v2
  iterator value: 1
[Boundary] iterator after yield -> v2
  iterator value: 2
[Boundary] async after await -> v2
[Boundary] static void -> v2
[Boundary] static ret -> v2
[Boundary] static out -> v2
[Boundary] overload(string) -> v2
[Boundary] overload(int) -> v2
[Boundary] generic<String> -> v2, value=hello
[Boundary] generic<Int32> -> v2, value=99
[Boundary] instance void -> v2 (counter=189)
[Boundary] instance ret -> v2
  ref result: [Boundary] instance ref -> v2
[Boundary] async entry -> v2
[Boundary] iterator entry -> v2
  iterator value: 1
[Boundary] iterator after yield -> v2
  iterator value: 2
[Boundary] === Round=190: all calls completed ===
[Boundary] async after await -> v2
[Boundary] static void -> v2
[Boundary] static ret -> v2
[Boundary] static out -> v2
[Boundary] overload(string) -> v2
[Boundary] overload(int) -> v2
[Boundary] generic<String> -> v2, value=hello
[Boundary] generic<Int32> -> v2, value=99
[Boundary] instance void -> v2 (counter=190)
[Boundary] instance ret -> v2
  ref result: [Boundary] instance ref -> v2
[Boundary] async entry -> v2
[Boundary] iterator entry -> v2
  iterator value: 1
[Boundary] iterator after yield -> v2
  iterator value: 2
[Boundary] async after await -> v2
[Boundary] static void -> v2
[Boundary] static ret -> v2
[Boundary] static out -> v2
[Boundary] overload(string) -> v2
[Boundary] overload(int) -> v2
[Boundary] generic<String> -> v2, value=hello
[Boundary] generic<Int32> -> v2, value=99
[Boundary] instance void -> v2 (counter=191)
[Boundary] instance ret -> v2
  ref result: [Boundary] instance ref -> v2
[Boundary] async entry -> v2
[Boundary] iterator entry -> v2
  iterator value: 1
[Boundary] iterator after yield -> v2
  iterator value: 2
[Boundary] async after await -> v2
[Boundary] static void -> v2
[Boundary] static ret -> v2
[Boundary] static out -> v2
[Boundary] overload(string) -> v2
[Boundary] overload(int) -> v2
[Boundary] generic<String> -> v2, value=hello
[Boundary] generic<Int32> -> v2, value=99
[Boundary] instance void -> v2 (counter=192)
[Boundary] instance ret -> v2
  ref result: [Boundary] instance ref -> v2
[Boundary] async entry -> v2
[Boundary] iterator entry -> v2
  iterator value: 1
[Boundary] iterator after yield -> v2
  iterator value: 2
[Boundary] async after await -> v2
[Boundary] static void -> v2
[Boundary] static ret -> v2
[Boundary] static out -> v2
[Boundary] overload(string) -> v2
[Boundary] overload(int) -> v2
[Boundary] generic<String> -> v2, value=hello
[Boundary] generic<Int32> -> v2, value=99
[Boundary] instance void -> v2 (counter=193)
[Boundary] instance ret -> v2
  ref result: [Boundary] instance ref -> v2
[Boundary] async entry -> v2
[Boundary] iterator entry -> v2
  iterator value: 1
[Boundary] iterator after yield -> v2
  iterator value: 2
[Boundary] async after await -> v2
[Boundary] static void -> v2
[Boundary] static ret -> v2
[Boundary] static out -> v2
[Boundary] overload(string) -> v2
[Boundary] overload(int) -> v2
[Boundary] generic<String> -> v2, value=hello
[Boundary] generic<Int32> -> v2, value=99
[Boundary] instance void -> v2 (counter=194)
[Boundary] instance ret -> v2
  ref result: [Boundary] instance ref -> v2
[Boundary] async entry -> v2
[Boundary] iterator entry -> v2
  iterator value: 1
[Boundary] iterator after yield -> v2
  iterator value: 2
[Boundary] async after await -> v2
[Boundary] static void -> v2
[Boundary] static ret -> v2
[Boundary] static out -> v2
[Boundary] overload(string) -> v2
[Boundary] overload(int) -> v2
[Boundary] generic<String> -> v2, value=hello
[Boundary] generic<Int32> -> v2, value=99
[Boundary] instance void -> v2 (counter=195)
[Boundary] instance ret -> v2
  ref result: [Boundary] instance ref -> v2
[Boundary] async entry -> v2
[Boundary] iterator entry -> v2
  iterator value: 1
[Boundary] iterator after yield -> v2
  iterator value: 2
[Boundary] async after await -> v2
[Boundary] static void -> v2
[Boundary] static ret -> v2
[Boundary] static out -> v2
[Boundary] overload(string) -> v2
[Boundary] overload(int) -> v2
[Boundary] generic<String> -> v2, value=hello
[Boundary] generic<Int32> -> v2, value=99
[Boundary] instance void -> v2 (counter=196)
[Boundary] instance ret -> v2
  ref result: [Boundary] instance ref -> v2
[Boundary] async entry -> v2
[Boundary] iterator entry -> v2
  iterator value: 1
[Boundary] iterator after yield -> v2
  iterator value: 2
[Boundary] async after await -> v2
[Boundary] static void -> v2
[Boundary] static ret -> v2
[Boundary] static out -> v2
[Boundary] overload(string) -> v2
[Boundary] overload(int) -> v2
[Boundary] generic<String> -> v2, value=hello
[Boundary] generic<Int32> -> v2, value=99
[Boundary] instance void -> v2 (counter=197)
[Boundary] instance ret -> v2
  ref result: [Boundary] instance ref -> v2
[Boundary] async entry -> v2
[Boundary] iterator entry -> v2
  iterator value: 1
[Boundary] iterator after yield -> v2
  iterator value: 2
[Boundary] async after await -> v2
[Boundary] static void -> v2
[Boundary] static ret -> v2
[Boundary] static out -> v2
[Boundary] overload(string) -> v2
[Boundary] overload(int) -> v2
[Boundary] generic<String> -> v2, value=hello
[Boundary] generic<Int32> -> v2, value=99
[Boundary] instance void -> v2 (counter=198)
[Boundary] instance ret -> v2
  ref result: [Boundary] instance ref -> v2
[Boundary] async entry -> v2
[Boundary] iterator entry -> v2
  iterator value: 1
[Boundary] iterator after yield -> v2
  iterator value: 2
[Boundary] async after await -> v2
[Boundary] static void -> v2
[Boundary] static ret -> v2
[Boundary] static out -> v2
[Boundary] overload(string) -> v2
[Boundary] overload(int) -> v2
[Boundary] generic<String> -> v2, value=hello
[Boundary] generic<Int32> -> v2, value=99
[Boundary] instance void -> v2 (counter=199)
[Boundary] instance ret -> v2
  ref result: [Boundary] instance ref -> v2
[Boundary] async entry -> v2
[Boundary] iterator entry -> v2
  iterator value: 1
[Boundary] iterator after yield -> v2
  iterator value: 2
[Boundary] === Round=200: all calls completed ===
[Boundary] async after await -> v2
[Boundary] static void -> v2
[Boundary] static ret -> v2
[Boundary] static out -> v2
[Boundary] overload(string) -> v2
[Boundary] overload(int) -> v2
[Boundary] generic<String> -> v2, value=hello
[Boundary] generic<Int32> -> v2, value=99
[Boundary] instance void -> v2 (counter=200)
[Boundary] instance ret -> v2
  ref result: [Boundary] instance ref -> v2
[Boundary] async entry -> v2
[Boundary] iterator entry -> v2
  iterator value: 1
[Boundary] iterator after yield -> v2
  iterator value: 2
[Boundary] async after await -> v2
[Boundary] static void -> v2
[Boundary] static ret -> v2
[Boundary] static out -> v2
[Boundary] overload(string) -> v2
[Boundary] overload(int) -> v2
[Boundary] generic<String> -> v2, value=hello
[Boundary] generic<Int32> -> v2, value=99
[Boundary] instance void -> v2 (counter=201)
[Boundary] instance ret -> v2
  ref result: [Boundary] instance ref -> v2
[Boundary] async entry -> v2
[Boundary] iterator entry -> v2
  iterator value: 1
[Boundary] iterator after yield -> v2
  iterator value: 2
[Boundary] async after await -> v2
[Boundary] static void -> v2
[Boundary] static ret -> v2
[Boundary] static out -> v2
[Boundary] overload(string) -> v2
[Boundary] overload(int) -> v2
[Boundary] generic<String> -> v2, value=hello
[Boundary] generic<Int32> -> v2, value=99
[Boundary] instance void -> v2 (counter=202)
[Boundary] instance ret -> v2
  ref result: [Boundary] instance ref -> v2
[Boundary] async entry -> v2
[Boundary] iterator entry -> v2
  iterator value: 1
[Boundary] iterator after yield -> v2
  iterator value: 2
[Boundary] async after await -> v2
[Boundary] static void -> v2
[Boundary] static ret -> v2
[Boundary] static out -> v2
[Boundary] overload(string) -> v2
[Boundary] overload(int) -> v2
[Boundary] generic<String> -> v2, value=hello
[Boundary] generic<Int32> -> v2, value=99
[Boundary] instance void -> v2 (counter=203)
[Boundary] instance ret -> v2
  ref result: [Boundary] instance ref -> v2
[Boundary] async entry -> v2
[Boundary] iterator entry -> v2
  iterator value: 1
[Boundary] iterator after yield -> v2
  iterator value: 2
[Boundary] async after await -> v2
[Boundary] static void -> v2
[Boundary] static ret -> v2
[Boundary] static out -> v2
[Boundary] overload(string) -> v2
[Boundary] overload(int) -> v2
[Boundary] generic<String> -> v2, value=hello
[Boundary] generic<Int32> -> v2, value=99
[Boundary] instance void -> v2 (counter=204)
[Boundary] instance ret -> v2
  ref result: [Boundary] instance ref -> v2
[Boundary] async entry -> v2
[Boundary] iterator entry -> v2
  iterator value: 1
[Boundary] iterator after yield -> v2
  iterator value: 2
[Boundary] async after await -> v2
[Boundary] static void -> v2
[Boundary] static ret -> v2
[Boundary] static out -> v2
[Boundary] overload(string) -> v2
[Boundary] overload(int) -> v2
[Boundary] generic<String> -> v2, value=hello
[Boundary] generic<Int32> -> v2, value=99
[Boundary] instance void -> v2 (counter=205)
[Boundary] instance ret -> v2
  ref result: [Boundary] instance ref -> v2
[Boundary] async entry -> v2
[Boundary] iterator entry -> v2
  iterator value: 1
[Boundary] iterator after yield -> v2
  iterator value: 2
[Boundary] async after await -> v2
[Boundary] static void -> v2
[Boundary] static ret -> v2
[Boundary] static out -> v2
[Boundary] overload(string) -> v2
[Boundary] overload(int) -> v2
[Boundary] generic<String> -> v2, value=hello
[Boundary] generic<Int32> -> v2, value=99
[Boundary] instance void -> v2 (counter=206)
[Boundary] instance ret -> v2
  ref result: [Boundary] instance ref -> v2
[Boundary] async entry -> v2
[Boundary] iterator entry -> v2
  iterator value: 1
[Boundary] iterator after yield -> v2
  iterator value: 2
[Boundary] async after await -> v2
[Boundary] static void -> v2
[Boundary] static ret -> v2
[Boundary] static out -> v2
[Boundary] overload(string) -> v2
[Boundary] overload(int) -> v2
[Boundary] generic<String> -> v2, value=hello
[Boundary] generic<Int32> -> v2, value=99
[Boundary] instance void -> v2 (counter=207)
[Boundary] instance ret -> v2
  ref result: [Boundary] instance ref -> v2
[Boundary] async entry -> v2
[Boundary] iterator entry -> v2
  iterator value: 1
[Boundary] iterator after yield -> v2
  iterator value: 2
[Boundary] async after await -> v2
[Boundary] static void -> v2
[Boundary] static ret -> v2
[Boundary] static out -> v2
[Boundary] overload(string) -> v2
[Boundary] overload(int) -> v2
[Boundary] generic<String> -> v2, value=hello
[Boundary] generic<Int32> -> v2, value=99
[Boundary] instance void -> v2 (counter=208)
[Boundary] instance ret -> v2
  ref result: [Boundary] instance ref -> v2
[Boundary] async entry -> v2
[Boundary] iterator entry -> v2
  iterator value: 1
[Boundary] iterator after yield -> v2
  iterator value: 2
[Boundary] async after await -> v2
[Boundary] static void -> v2
[Boundary] static ret -> v2
[Boundary] static out -> v2
[Boundary] overload(string) -> v2
[Boundary] overload(int) -> v2
[Boundary] generic<String> -> v2, value=hello
[Boundary] generic<Int32> -> v2, value=99
[Boundary] instance void -> v2 (counter=209)
[Boundary] instance ret -> v2
  ref result: [Boundary] instance ref -> v2
[Boundary] async entry -> v2
[Boundary] iterator entry -> v2
  iterator value: 1
[Boundary] iterator after yield -> v2
  iterator value: 2
[Boundary] === Round=210: all calls completed ===
[Boundary] async after await -> v2
[Boundary] static void -> v2
[Boundary] static ret -> v2
[Boundary] static out -> v2
[Boundary] overload(string) -> v2
[Boundary] overload(int) -> v2
[Boundary] generic<String> -> v2, value=hello
[Boundary] generic<Int32> -> v2, value=99
[Boundary] instance void -> v2 (counter=210)
[Boundary] instance ret -> v2
  ref result: [Boundary] instance ref -> v2
[Boundary] async entry -> v2
[Boundary] iterator entry -> v2
  iterator value: 1
[Boundary] iterator after yield -> v2
  iterator value: 2
[Boundary] async after await -> v2
[Boundary] static void -> v2
[Boundary] static ret -> v2
[Boundary] static out -> v2
[Boundary] overload(string) -> v2
[Boundary] overload(int) -> v2
[Boundary] generic<String> -> v2, value=hello
[Boundary] generic<Int32> -> v2, value=99
[Boundary] instance void -> v2 (counter=211)
[Boundary] instance ret -> v2
  ref result: [Boundary] instance ref -> v2
[Boundary] async entry -> v2
[Boundary] iterator entry -> v2
  iterator value: 1
[Boundary] iterator after yield -> v2
  iterator value: 2
[Boundary] async after await -> v2
[Boundary] static void -> v2
[Boundary] static ret -> v2
[Boundary] static out -> v2
[Boundary] overload(string) -> v2
[Boundary] overload(int) -> v2
[Boundary] generic<String> -> v2, value=hello
[Boundary] generic<Int32> -> v2, value=99
[Boundary] instance void -> v2 (counter=212)
[Boundary] instance ret -> v2
  ref result: [Boundary] instance ref -> v2
[Boundary] async entry -> v2
[Boundary] iterator entry -> v2
  iterator value: 1
[Boundary] iterator after yield -> v2
  iterator value: 2
[Boundary] async after await -> v2
[Boundary] static void -> v2
[Boundary] static ret -> v2
[Boundary] static out -> v2
[Boundary] overload(string) -> v2
[Boundary] overload(int) -> v2
[Boundary] generic<String> -> v2, value=hello
[Boundary] generic<Int32> -> v2, value=99
[Boundary] instance void -> v2 (counter=213)
[Boundary] instance ret -> v2
  ref result: [Boundary] instance ref -> v2
[Boundary] async entry -> v2
[Boundary] iterator entry -> v2
  iterator value: 1
[Boundary] iterator after yield -> v2
  iterator value: 2
[Boundary] async after await -> v2
[Boundary] static void -> v2
[Boundary] static ret -> v2
[Boundary] static out -> v2
[Boundary] overload(string) -> v2
[Boundary] overload(int) -> v2
[Boundary] generic<String> -> v2, value=hello
[Boundary] generic<Int32> -> v2, value=99
[Boundary] instance void -> v2 (counter=214)
[Boundary] instance ret -> v2
  ref result: [Boundary] instance ref -> v2
[Boundary] async entry -> v2
[Boundary] iterator entry -> v2
  iterator value: 1
[Boundary] iterator after yield -> v2
  iterator value: 2
[Boundary] async after await -> v2
[Boundary] static void -> v2
[Boundary] static ret -> v2
[Boundary] static out -> v2
[Boundary] overload(string) -> v2
[Boundary] overload(int) -> v2
[Boundary] generic<String> -> v2, value=hello
[Boundary] generic<Int32> -> v2, value=99
[Boundary] instance void -> v2 (counter=215)
[Boundary] instance ret -> v2
  ref result: [Boundary] instance ref -> v2
[Boundary] async entry -> v2
[Boundary] iterator entry -> v2
  iterator value: 1
[Boundary] iterator after yield -> v2
  iterator value: 2
[Boundary] async after await -> v2
[Boundary] static void -> v2
[Boundary] static ret -> v2
[Boundary] static out -> v2
[Boundary] overload(string) -> v2
[Boundary] overload(int) -> v2
[Boundary] generic<String> -> v2, value=hello
[Boundary] generic<Int32> -> v2, value=99
[Boundary] instance void -> v2 (counter=216)
[Boundary] instance ret -> v2
  ref result: [Boundary] instance ref -> v2
[Boundary] async entry -> v2
[Boundary] iterator entry -> v2
  iterator value: 1
[Boundary] iterator after yield -> v2
  iterator value: 2
[Boundary] async after await -> v2
[Boundary] static void -> v2
[Boundary] static ret -> v2
[Boundary] static out -> v2
[Boundary] overload(string) -> v2
[Boundary] overload(int) -> v2
[Boundary] generic<String> -> v2, value=hello
[Boundary] generic<Int32> -> v2, value=99
[Boundary] instance void -> v2 (counter=217)
[Boundary] instance ret -> v2
  ref result: [Boundary] instance ref -> v2
[Boundary] async entry -> v2
[Boundary] iterator entry -> v2
  iterator value: 1
[Boundary] iterator after yield -> v2
  iterator value: 2
[Boundary] async after await -> v2
[Boundary] static void -> v2
[Boundary] static ret -> v2
[Boundary] static out -> v2
[Boundary] overload(string) -> v2
[Boundary] overload(int) -> v2
[Boundary] generic<String> -> v2, value=hello
[Boundary] generic<Int32> -> v2, value=99
[Boundary] instance void -> v2 (counter=218)
[Boundary] instance ret -> v2
  ref result: [Boundary] instance ref -> v2
[Boundary] async entry -> v2
[Boundary] iterator entry -> v2
  iterator value: 1
[Boundary] iterator after yield -> v2
  iterator value: 2
[Boundary] async after await -> v2
[Boundary] static void -> v2
[Boundary] static ret -> v2
[Boundary] static out -> v2
[Boundary] overload(string) -> v2
[Boundary] overload(int) -> v2
[Boundary] generic<String> -> v2, value=hello
[Boundary] generic<Int32> -> v2, value=99
[Boundary] instance void -> v2 (counter=219)
[Boundary] instance ret -> v2
  ref result: [Boundary] instance ref -> v2
[Boundary] async entry -> v2
[Boundary] iterator entry -> v2
  iterator value: 1
[Boundary] iterator after yield -> v2
  iterator value: 2
[Boundary] === Round=220: all calls completed ===
[Boundary] async after await -> v2
[Boundary] static void -> v2
[Boundary] static ret -> v2
[Boundary] static out -> v2
[Boundary] overload(string) -> v2
[Boundary] overload(int) -> v2
[Boundary] generic<String> -> v2, value=hello
[Boundary] generic<Int32> -> v2, value=99
[Boundary] instance void -> v2 (counter=220)
[Boundary] instance ret -> v2
  ref result: [Boundary] instance ref -> v2
[Boundary] async entry -> v2
[Boundary] iterator entry -> v2
  iterator value: 1
[Boundary] iterator after yield -> v2
  iterator value: 2
[Boundary] async after await -> v2
[Boundary] static void -> v2
[Boundary] static ret -> v2
[Boundary] static out -> v2
[Boundary] overload(string) -> v2
[Boundary] overload(int) -> v2
[Boundary] generic<String> -> v2, value=hello
[Boundary] generic<Int32> -> v2, value=99
[Boundary] instance void -> v2 (counter=221)
[Boundary] instance ret -> v2
  ref result: [Boundary] instance ref -> v2
[Boundary] async entry -> v2
[Boundary] iterator entry -> v2
  iterator value: 1
[Boundary] iterator after yield -> v2
  iterator value: 2
[Boundary] async after await -> v2
[Boundary] static void -> v2
[Boundary] static ret -> v2
[Boundary] static out -> v2
[Boundary] overload(string) -> v2
[Boundary] overload(int) -> v2
[Boundary] generic<String> -> v2, value=hello
[Boundary] generic<Int32> -> v2, value=99
[Boundary] instance void -> v2 (counter=222)
[Boundary] instance ret -> v2
  ref result: [Boundary] instance ref -> v2
[Boundary] async entry -> v2
[Boundary] iterator entry -> v2
  iterator value: 1
[Boundary] iterator after yield -> v2
  iterator value: 2
[Boundary] async after await -> v2
[Boundary] static void -> v2
[Boundary] static ret -> v2
[Boundary] static out -> v2
[Boundary] overload(string) -> v2
[Boundary] overload(int) -> v2
[Boundary] generic<String> -> v2, value=hello
[Boundary] generic<Int32> -> v2, value=99
[Boundary] instance void -> v2 (counter=223)
[Boundary] instance ret -> v2
  ref result: [Boundary] instance ref -> v2
[Boundary] async entry -> v2
[Boundary] iterator entry -> v2
  iterator value: 1
[Boundary] iterator after yield -> v2
  iterator value: 2
[Boundary] async after await -> v2
[Boundary] static void -> v2
[Boundary] static ret -> v2
[Boundary] static out -> v2
[Boundary] overload(string) -> v2
[Boundary] overload(int) -> v2
[Boundary] generic<String> -> v2, value=hello
[Boundary] generic<Int32> -> v2, value=99
[Boundary] instance void -> v2 (counter=224)
[Boundary] instance ret -> v2
  ref result: [Boundary] instance ref -> v2
[Boundary] async entry -> v2
[Boundary] iterator entry -> v2
  iterator value: 1
[Boundary] iterator after yield -> v2
  iterator value: 2
[Boundary] async after await -> v2
[Boundary] static void -> v2
[Boundary] static ret -> v2
[Boundary] static out -> v2
[Boundary] overload(string) -> v2
[Boundary] overload(int) -> v2
[Boundary] generic<String> -> v2, value=hello
[Boundary] generic<Int32> -> v2, value=99
[Boundary] instance void -> v2 (counter=225)
[Boundary] instance ret -> v2
  ref result: [Boundary] instance ref -> v2
[Boundary] async entry -> v2
[Boundary] iterator entry -> v2
  iterator value: 1
[Boundary] iterator after yield -> v2
  iterator value: 2
[Boundary] async after await -> v2
[Boundary] static void -> v2
[Boundary] static ret -> v2
[Boundary] static out -> v2
[Boundary] overload(string) -> v2
[Boundary] overload(int) -> v2
[Boundary] generic<String> -> v2, value=hello
[Boundary] generic<Int32> -> v2, value=99
[Boundary] instance void -> v2 (counter=226)
[Boundary] instance ret -> v2
  ref result: [Boundary] instance ref -> v2
[Boundary] async entry -> v2
[Boundary] iterator entry -> v2
  iterator value: 1
[Boundary] iterator after yield -> v2
  iterator value: 2
[Boundary] async after await -> v2
[Boundary] static void -> v2
[Boundary] static ret -> v2
[Boundary] static out -> v2
[Boundary] overload(string) -> v2
[Boundary] overload(int) -> v2
[Boundary] generic<String> -> v2, value=hello
[Boundary] generic<Int32> -> v2, value=99
[Boundary] instance void -> v2 (counter=227)
[Boundary] instance ret -> v2
  ref result: [Boundary] instance ref -> v2
[Boundary] async entry -> v2
[Boundary] iterator entry -> v2
  iterator value: 1
[Boundary] iterator after yield -> v2
  iterator value: 2
[Boundary] async after await -> v2
[Boundary] static void -> v2
[Boundary] static ret -> v2
[Boundary] static out -> v2
[Boundary] overload(string) -> v2
[Boundary] overload(int) -> v2
[Boundary] generic<String> -> v2, value=hello
[Boundary] generic<Int32> -> v2, value=99
[Boundary] instance void -> v2 (counter=228)
[Boundary] instance ret -> v2
  ref result: [Boundary] instance ref -> v2
[Boundary] async entry -> v2
[Boundary] iterator entry -> v2
  iterator value: 1
[Boundary] iterator after yield -> v2
  iterator value: 2
[Boundary] async after await -> v2
[Boundary] static void -> v2
[Boundary] static ret -> v2
[Boundary] static out -> v2
[Boundary] overload(string) -> v2
[Boundary] overload(int) -> v2
[Boundary] generic<String> -> v2, value=hello
[Boundary] generic<Int32> -> v2, value=99
[Boundary] instance void -> v2 (counter=229)
[Boundary] instance ret -> v2
  ref result: [Boundary] instance ref -> v2
[Boundary] async entry -> v2
[Boundary] iterator entry -> v2
  iterator value: 1
[Boundary] iterator after yield -> v2
  iterator value: 2
[Boundary] === Round=230: all calls completed ===
[Boundary] async after await -> v2
[Boundary] static void -> v2
[Boundary] static ret -> v2
[Boundary] static out -> v2
[Boundary] overload(string) -> v2
[Boundary] overload(int) -> v2
[Boundary] generic<String> -> v2, value=hello
[Boundary] generic<Int32> -> v2, value=99
[Boundary] instance void -> v2 (counter=230)
[Boundary] instance ret -> v2
  ref result: [Boundary] instance ref -> v2
[Boundary] async entry -> v2
[Boundary] iterator entry -> v2
  iterator value: 1
[Boundary] iterator after yield -> v2
  iterator value: 2
[Boundary] async after await -> v2
[Boundary] static void -> v2
[Boundary] static ret -> v2
[Boundary] static out -> v2
[Boundary] overload(string) -> v2
[Boundary] overload(int) -> v2
[Boundary] generic<String> -> v2, value=hello
[Boundary] generic<Int32> -> v2, value=99
[Boundary] instance void -> v2 (counter=231)
[Boundary] instance ret -> v2
  ref result: [Boundary] instance ref -> v2
[Boundary] async entry -> v2
[Boundary] iterator entry -> v2
  iterator value: 1
[Boundary] iterator after yield -> v2
  iterator value: 2
[Boundary] async after await -> v2
[Boundary] static void -> v2
[Boundary] static ret -> v2
[Boundary] static out -> v2
[Boundary] overload(string) -> v2
[Boundary] overload(int) -> v2
[Boundary] generic<String> -> v2, value=hello
[Boundary] generic<Int32> -> v2, value=99
[Boundary] instance void -> v2 (counter=232)
[Boundary] instance ret -> v2
  ref result: [Boundary] instance ref -> v2
[Boundary] async entry -> v2
[Boundary] iterator entry -> v2
  iterator value: 1
[Boundary] iterator after yield -> v2
  iterator value: 2
[Boundary] async after await -> v2
[Boundary] static void -> v2
[Boundary] static ret -> v2
[Boundary] static out -> v2
[Boundary] overload(string) -> v2
[Boundary] overload(int) -> v2
[Boundary] generic<String> -> v2, value=hello
[Boundary] generic<Int32> -> v2, value=99
[Boundary] instance void -> v2 (counter=233)
[Boundary] instance ret -> v2
  ref result: [Boundary] instance ref -> v2
[Boundary] async entry -> v2
[Boundary] iterator entry -> v2
  iterator value: 1
[Boundary] iterator after yield -> v2
  iterator value: 2
[Boundary] async after await -> v2
[Boundary] static void -> v2
[Boundary] static ret -> v2
[Boundary] static out -> v2
[Boundary] overload(string) -> v2
[Boundary] overload(int) -> v2
[Boundary] generic<String> -> v2, value=hello
[Boundary] generic<Int32> -> v2, value=99
[Boundary] instance void -> v2 (counter=234)
[Boundary] instance ret -> v2
  ref result: [Boundary] instance ref -> v2
[Boundary] async entry -> v2
[Boundary] iterator entry -> v2
  iterator value: 1
[Boundary] iterator after yield -> v2
  iterator value: 2
[Boundary] async after await -> v2
[Boundary] static void -> v2
[Boundary] static ret -> v2
[Boundary] static out -> v2
[Boundary] overload(string) -> v2
[Boundary] overload(int) -> v2
[Boundary] generic<String> -> v2, value=hello
[Boundary] generic<Int32> -> v2, value=99
[Boundary] instance void -> v2 (counter=235)
[Boundary] instance ret -> v2
  ref result: [Boundary] instance ref -> v2
[Boundary] async entry -> v2
[Boundary] iterator entry -> v2
  iterator value: 1
[Boundary] iterator after yield -> v2
  iterator value: 2
[Boundary] async after await -> v2
[Boundary] static void -> v2
[Boundary] static ret -> v2
[Boundary] static out -> v2
[Boundary] overload(string) -> v2
[Boundary] overload(int) -> v2
[Boundary] generic<String> -> v2, value=hello
[Boundary] generic<Int32> -> v2, value=99
[Boundary] instance void -> v2 (counter=236)
[Boundary] instance ret -> v2
  ref result: [Boundary] instance ref -> v2
[Boundary] async entry -> v2
[Boundary] iterator entry -> v2
  iterator value: 1
[Boundary] iterator after yield -> v2
  iterator value: 2
[Boundary] async after await -> v2
[Boundary] static void -> v2
[Boundary] static ret -> v2
[Boundary] static out -> v2
[Boundary] overload(string) -> v2
[Boundary] overload(int) -> v2
[Boundary] generic<String> -> v2, value=hello
[Boundary] generic<Int32> -> v2, value=99
[Boundary] instance void -> v2 (counter=237)
[Boundary] instance ret -> v2
  ref result: [Boundary] instance ref -> v2
[Boundary] async entry -> v2
[Boundary] iterator entry -> v2
  iterator value: 1
[Boundary] iterator after yield -> v2
  iterator value: 2
[Boundary] async after await -> v2
[Boundary] static void -> v2
[Boundary] static ret -> v2
[Boundary] static out -> v2
[Boundary] overload(string) -> v2
[Boundary] overload(int) -> v2
[Boundary] generic<String> -> v2, value=hello
[Boundary] generic<Int32> -> v2, value=99
[Boundary] instance void -> v2 (counter=238)
[Boundary] instance ret -> v2
  ref result: [Boundary] instance ref -> v2
[Boundary] async entry -> v2
[Boundary] iterator entry -> v2
  iterator value: 1
[Boundary] iterator after yield -> v2
  iterator value: 2
[Boundary] async after await -> v2
[Boundary] static void -> v2
[Boundary] static ret -> v2
[Boundary] static out -> v2
[Boundary] overload(string) -> v2
[Boundary] overload(int) -> v2
[Boundary] generic<String> -> v2, value=hello
[Boundary] generic<Int32> -> v2, value=99
[Boundary] instance void -> v2 (counter=239)
[Boundary] instance ret -> v2
  ref result: [Boundary] instance ref -> v2
[Boundary] async entry -> v2
[Boundary] iterator entry -> v2
  iterator value: 1
[Boundary] iterator after yield -> v2
  iterator value: 2
[Boundary] === Round=240: all calls completed ===
[Boundary] async after await -> v2
[Boundary] static void -> v2
[Boundary] static ret -> v2
[Boundary] static out -> v2
[Boundary] overload(string) -> v2
[Boundary] overload(int) -> v2
[Boundary] generic<String> -> v2, value=hello
[Boundary] generic<Int32> -> v2, value=99
[Boundary] instance void -> v2 (counter=240)
[Boundary] instance ret -> v2
  ref result: [Boundary] instance ref -> v2
[Boundary] async entry -> v2
[Boundary] iterator entry -> v2
  iterator value: 1
[Boundary] iterator after yield -> v2
  iterator value: 2
[Boundary] async after await -> v2
[Boundary] static void -> v2
[Boundary] static ret -> v2
[Boundary] static out -> v2
[Boundary] overload(string) -> v2
[Boundary] overload(int) -> v2
[Boundary] generic<String> -> v2, value=hello
[Boundary] generic<Int32> -> v2, value=99
[Boundary] instance void -> v2 (counter=241)
[Boundary] instance ret -> v2
  ref result: [Boundary] instance ref -> v2
[Boundary] async entry -> v2
[Boundary] iterator entry -> v2
  iterator value: 1
[Boundary] iterator after yield -> v2
  iterator value: 2
[Boundary] async after await -> v2
[Boundary] static void -> v2
[Boundary] static ret -> v2
[Boundary] static out -> v2
[Boundary] overload(string) -> v2
[Boundary] overload(int) -> v2
[Boundary] generic<String> -> v2, value=hello
[Boundary] generic<Int32> -> v2, value=99
[Boundary] instance void -> v2 (counter=242)
[Boundary] instance ret -> v2
  ref result: [Boundary] instance ref -> v2
[Boundary] async entry -> v2
[Boundary] iterator entry -> v2
  iterator value: 1
[Boundary] iterator after yield -> v2
  iterator value: 2
[Boundary] async after await -> v2
